2026-03-06 23:25:31,287 [Worker-2: Loading available Gradle versions] INFO  o.e.b.c.i.u.g.PublishedGradleVersions - Gradle version information cache is not available. Remote download required.
2026-03-06 23:28:03,947 [Worker-13: Building] INFO  o.e.m.c.i.e.AbstractTransferListenerAdapter - Downloading https://repo.maven.apache.org/maven2/org/springframework/boot/spring-boot-starter-parent/4.0.3/spring-boot-starter-parent-4.0.3.pom
2026-03-06 23:28:03,979 [Worker-13: Building] INFO  o.e.m.c.i.e.AbstractTransferListenerAdapter - Downloaded https://repo.maven.apache.org/maven2/org/springframework/boot/spring-boot-starter-parent/4.0.3/spring-boot-starter-parent-4.0.3.pom
2026-03-06 23:28:04,065 [Worker-13: Building] INFO  o.e.m.c.i.e.AbstractTransferListenerAdapter - Downloading https://repo.maven.apache.org/maven2/org/springframework/boot/spring-boot-dependencies/4.0.3/spring-boot-dependencies-4.0.3.pom
2026-03-06 23:28:04,093 [Worker-13: Building] INFO  o.e.m.c.i.e.AbstractTransferListenerAdapter - Downloaded https://repo.maven.apache.org/maven2/org/springframework/boot/spring-boot-dependencies/4.0.3/spring-boot-dependencies-4.0.3.pom
2026-03-06 23:28:04,300 [Worker-13: Building] INFO  o.e.m.c.i.e.AbstractTransferListenerAdapter - Downloading https://repo.maven.apache.org/maven2/org/apache/activemq/activemq-bom/6.1.8/activemq-bom-6.1.8.pom
2026-03-06 23:28:04,315 [Worker-13: Building] INFO  o.e.m.c.i.e.AbstractTransferListenerAdapter - Downloaded https://repo.maven.apache.org/maven2/org/apache/activemq/activemq-bom/6.1.8/activemq-bom-6.1.8.pom
2026-03-06 23:28:04,381 [Worker-13: Building] INFO  o.e.m.c.i.e.AbstractTransferListenerAdapter - Downloading https://repo.maven.apache.org/maven2/org/apache/activemq/artemis-bom/2.43.0/artemis-bom-2.43.0.pom
2026-03-06 23:28:04,390 [Worker-13: Building] INFO  o.e.m.c.i.e.AbstractTransferListenerAdapter - Downloaded https://repo.maven.apache.org/maven2/org/apache/activemq/artemis-bom/2.43.0/artemis-bom-2.43.0.pom
2026-03-06 23:28:04,457 [Worker-13: Building] INFO  o.e.m.c.i.e.AbstractTransferListenerAdapter - Downloading https://repo.maven.apache.org/maven2/org/apache/activemq/artemis-project/2.43.0/artemis-project-2.43.0.pom
2026-03-06 23:28:04,472 [Worker-13: Building] INFO  o.e.m.c.i.e.AbstractTransferListenerAdapter - Downloaded https://repo.maven.apache.org/maven2/org/apache/activemq/artemis-project/2.43.0/artemis-project-2.43.0.pom
2026-03-06 23:28:04,547 [Worker-13: Building] INFO  o.e.m.c.i.e.AbstractTransferListenerAdapter - Downloading https://repo.maven.apache.org/maven2/org/apache/apache/35/apache-35.pom
2026-03-06 23:28:04,557 [Worker-13: Building] INFO  o.e.m.c.i.e.AbstractTransferListenerAdapter - Downloaded https://repo.maven.apache.org/maven2/org/apache/apache/35/apache-35.pom
2026-03-06 23:28:04,634 [Worker-13: Building] INFO  o.e.m.c.i.e.AbstractTransferListenerAdapter - Downloading https://repo.maven.apache.org/maven2/org/assertj/assertj-bom/3.27.7/assertj-bom-3.27.7.pom
2026-03-06 23:28:04,644 [Worker-13: Building] INFO  o.e.m.c.i.e.AbstractTransferListenerAdapter - Downloaded https://repo.maven.apache.org/maven2/org/assertj/assertj-bom/3.27.7/assertj-bom-3.27.7.pom
2026-03-06 23:28:04,718 [Worker-13: Building] INFO  o.e.m.c.i.e.AbstractTransferListenerAdapter - Downloading https://repo.maven.apache.org/maven2/io/zipkin/reporter2/zipkin-reporter-bom/3.5.1/zipkin-reporter-bom-3.5.1.pom
2026-03-06 23:28:04,726 [Worker-13: Building] INFO  o.e.m.c.i.e.AbstractTransferListenerAdapter - Downloaded https://repo.maven.apache.org/maven2/io/zipkin/reporter2/zipkin-reporter-bom/3.5.1/zipkin-reporter-bom-3.5.1.pom
2026-03-06 23:28:04,792 [Worker-13: Building] INFO  o.e.m.c.i.e.AbstractTransferListenerAdapter - Downloading https://repo.maven.apache.org/maven2/io/zipkin/brave/brave-bom/6.3.0/brave-bom-6.3.0.pom
2026-03-06 23:28:04,798 [Worker-13: Building] INFO  o.e.m.c.i.e.AbstractTransferListenerAdapter - Downloaded https://repo.maven.apache.org/maven2/io/zipkin/brave/brave-bom/6.3.0/brave-bom-6.3.0.pom
2026-03-06 23:28:04,880 [Worker-13: Building] INFO  o.e.m.c.i.e.AbstractTransferListenerAdapter - Downloading https://repo.maven.apache.org/maven2/org/apache/cassandra/java-driver-bom/4.19.2/java-driver-bom-4.19.2.pom
2026-03-06 23:28:04,887 [Worker-13: Building] INFO  o.e.m.c.i.e.AbstractTransferListenerAdapter - Downloaded https://repo.maven.apache.org/maven2/org/apache/cassandra/java-driver-bom/4.19.2/java-driver-bom-4.19.2.pom
2026-03-06 23:28:04,957 [Worker-13: Building] INFO  o.e.m.c.i.e.AbstractTransferListenerAdapter - Downloading https://repo.maven.apache.org/maven2/org/apache/groovy/groovy-bom/5.0.4/groovy-bom-5.0.4.pom
2026-03-06 23:28:04,965 [Worker-13: Building] INFO  o.e.m.c.i.e.AbstractTransferListenerAdapter - Downloaded https://repo.maven.apache.org/maven2/org/apache/groovy/groovy-bom/5.0.4/groovy-bom-5.0.4.pom
2026-03-06 23:28:05,035 [Worker-13: Building] INFO  o.e.m.c.i.e.AbstractTransferListenerAdapter - Downloading https://repo.maven.apache.org/maven2/org/infinispan/infinispan-bom/15.2.6.Final/infinispan-bom-15.2.6.Final.pom
2026-03-06 23:28:05,043 [Worker-13: Building] INFO  o.e.m.c.i.e.AbstractTransferListenerAdapter - Downloaded https://repo.maven.apache.org/maven2/org/infinispan/infinispan-bom/15.2.6.Final/infinispan-bom-15.2.6.Final.pom
2026-03-06 23:28:05,108 [Worker-13: Building] INFO  o.e.m.c.i.e.AbstractTransferListenerAdapter - Downloading https://repo.maven.apache.org/maven2/org/infinispan/infinispan-build-configuration-parent/15.2.6.Final/infinispan-build-configuration-parent-15.2.6.Final.pom
2026-03-06 23:28:05,116 [Worker-13: Building] INFO  o.e.m.c.i.e.AbstractTransferListenerAdapter - Downloaded https://repo.maven.apache.org/maven2/org/infinispan/infinispan-build-configuration-parent/15.2.6.Final/infinispan-build-configuration-parent-15.2.6.Final.pom
2026-03-06 23:28:05,182 [Worker-13: Building] INFO  o.e.m.c.i.e.AbstractTransferListenerAdapter - Downloading https://repo.maven.apache.org/maven2/com/fasterxml/jackson/jackson-bom/2.20.2/jackson-bom-2.20.2.pom
2026-03-06 23:28:05,189 [Worker-13: Building] INFO  o.e.m.c.i.e.AbstractTransferListenerAdapter - Downloaded https://repo.maven.apache.org/maven2/com/fasterxml/jackson/jackson-bom/2.20.2/jackson-bom-2.20.2.pom
2026-03-06 23:28:05,254 [Worker-13: Building] INFO  o.e.m.c.i.e.AbstractTransferListenerAdapter - Downloading https://repo.maven.apache.org/maven2/com/fasterxml/jackson/jackson-parent/2.20/jackson-parent-2.20.pom
2026-03-06 23:28:05,261 [Worker-13: Building] INFO  o.e.m.c.i.e.AbstractTransferListenerAdapter - Downloaded https://repo.maven.apache.org/maven2/com/fasterxml/jackson/jackson-parent/2.20/jackson-parent-2.20.pom
2026-03-06 23:28:05,324 [Worker-13: Building] INFO  o.e.m.c.i.e.AbstractTransferListenerAdapter - Downloading https://repo.maven.apache.org/maven2/com/fasterxml/oss-parent/70/oss-parent-70.pom
2026-03-06 23:28:05,333 [Worker-13: Building] INFO  o.e.m.c.i.e.AbstractTransferListenerAdapter - Downloaded https://repo.maven.apache.org/maven2/com/fasterxml/oss-parent/70/oss-parent-70.pom
2026-03-06 23:28:05,405 [Worker-13: Building] INFO  o.e.m.c.i.e.AbstractTransferListenerAdapter - Downloading https://repo.maven.apache.org/maven2/tools/jackson/jackson-bom/3.0.4/jackson-bom-3.0.4.pom
2026-03-06 23:28:05,413 [Worker-13: Building] INFO  o.e.m.c.i.e.AbstractTransferListenerAdapter - Downloaded https://repo.maven.apache.org/maven2/tools/jackson/jackson-bom/3.0.4/jackson-bom-3.0.4.pom
2026-03-06 23:28:05,476 [Worker-13: Building] INFO  o.e.m.c.i.e.AbstractTransferListenerAdapter - Downloading https://repo.maven.apache.org/maven2/com/fasterxml/oss-parent/73/oss-parent-73.pom
2026-03-06 23:28:05,482 [Worker-13: Building] INFO  o.e.m.c.i.e.AbstractTransferListenerAdapter - Downloaded https://repo.maven.apache.org/maven2/com/fasterxml/oss-parent/73/oss-parent-73.pom
2026-03-06 23:28:05,548 [Worker-13: Building] INFO  o.e.m.c.i.e.AbstractTransferListenerAdapter - Downloading https://repo.maven.apache.org/maven2/org/glassfish/jersey/jersey-bom/4.0.2/jersey-bom-4.0.2.pom
2026-03-06 23:28:05,553 [Worker-13: Building] INFO  o.e.m.c.i.e.AbstractTransferListenerAdapter - Downloaded https://repo.maven.apache.org/maven2/org/glassfish/jersey/jersey-bom/4.0.2/jersey-bom-4.0.2.pom
2026-03-06 23:28:05,652 [Worker-13: Building] INFO  o.e.m.c.i.e.AbstractTransferListenerAdapter - Downloading https://repo.maven.apache.org/maven2/org/eclipse/jetty/ee11/jetty-ee11-bom/12.1.6/jetty-ee11-bom-12.1.6.pom
2026-03-06 23:28:05,662 [Worker-13: Building] INFO  o.e.m.c.i.e.AbstractTransferListenerAdapter - Downloaded https://repo.maven.apache.org/maven2/org/eclipse/jetty/ee11/jetty-ee11-bom/12.1.6/jetty-ee11-bom-12.1.6.pom
2026-03-06 23:28:05,744 [Worker-13: Building] INFO  o.e.m.c.i.e.AbstractTransferListenerAdapter - Downloading https://repo.maven.apache.org/maven2/org/eclipse/jetty/jetty-bom/12.1.6/jetty-bom-12.1.6.pom
2026-03-06 23:28:05,755 [Worker-13: Building] INFO  o.e.m.c.i.e.AbstractTransferListenerAdapter - Downloaded https://repo.maven.apache.org/maven2/org/eclipse/jetty/jetty-bom/12.1.6/jetty-bom-12.1.6.pom
2026-03-06 23:28:05,824 [Worker-13: Building] INFO  o.e.m.c.i.e.AbstractTransferListenerAdapter - Downloading https://repo.maven.apache.org/maven2/org/jooq/jooq-bom/3.19.30/jooq-bom-3.19.30.pom
2026-03-06 23:28:05,834 [Worker-13: Building] INFO  o.e.m.c.i.e.AbstractTransferListenerAdapter - Downloaded https://repo.maven.apache.org/maven2/org/jooq/jooq-bom/3.19.30/jooq-bom-3.19.30.pom
2026-03-06 23:28:05,908 [Worker-13: Building] INFO  o.e.m.c.i.e.AbstractTransferListenerAdapter - Downloading https://repo.maven.apache.org/maven2/org/junit/junit-bom/6.0.3/junit-bom-6.0.3.pom
2026-03-06 23:28:05,914 [Worker-13: Building] INFO  o.e.m.c.i.e.AbstractTransferListenerAdapter - Downloaded https://repo.maven.apache.org/maven2/org/junit/junit-bom/6.0.3/junit-bom-6.0.3.pom
2026-03-06 23:28:05,978 [Worker-13: Building] INFO  o.e.m.c.i.e.AbstractTransferListenerAdapter - Downloading https://repo.maven.apache.org/maven2/org/jetbrains/kotlin/kotlin-bom/2.2.21/kotlin-bom-2.2.21.pom
2026-03-06 23:28:05,981 [Worker-13: Building] INFO  o.e.m.c.i.e.AbstractTransferListenerAdapter - Downloaded https://repo.maven.apache.org/maven2/org/jetbrains/kotlin/kotlin-bom/2.2.21/kotlin-bom-2.2.21.pom
2026-03-06 23:28:06,043 [Worker-13: Building] INFO  o.e.m.c.i.e.AbstractTransferListenerAdapter - Downloading https://repo.maven.apache.org/maven2/org/jetbrains/kotlinx/kotlinx-coroutines-bom/1.10.2/kotlinx-coroutines-bom-1.10.2.pom
2026-03-06 23:28:06,049 [Worker-13: Building] INFO  o.e.m.c.i.e.AbstractTransferListenerAdapter - Downloaded https://repo.maven.apache.org/maven2/org/jetbrains/kotlinx/kotlinx-coroutines-bom/1.10.2/kotlinx-coroutines-bom-1.10.2.pom
2026-03-06 23:28:06,124 [Worker-13: Building] INFO  o.e.m.c.i.e.AbstractTransferListenerAdapter - Downloading https://repo.maven.apache.org/maven2/org/jetbrains/kotlinx/kotlinx-serialization-bom/1.9.0/kotlinx-serialization-bom-1.9.0.pom
2026-03-06 23:28:06,129 [Worker-13: Building] INFO  o.e.m.c.i.e.AbstractTransferListenerAdapter - Downloaded https://repo.maven.apache.org/maven2/org/jetbrains/kotlinx/kotlinx-serialization-bom/1.9.0/kotlinx-serialization-bom-1.9.0.pom
2026-03-06 23:28:06,188 [Worker-13: Building] INFO  o.e.m.c.i.e.AbstractTransferListenerAdapter - Downloading https://repo.maven.apache.org/maven2/org/apache/logging/log4j/log4j-bom/2.25.3/log4j-bom-2.25.3.pom
2026-03-06 23:28:06,194 [Worker-13: Building] INFO  o.e.m.c.i.e.AbstractTransferListenerAdapter - Downloaded https://repo.maven.apache.org/maven2/org/apache/logging/log4j/log4j-bom/2.25.3/log4j-bom-2.25.3.pom
2026-03-06 23:28:06,254 [Worker-13: Building] INFO  o.e.m.c.i.e.AbstractTransferListenerAdapter - Downloading https://repo.maven.apache.org/maven2/io/micrometer/micrometer-bom/1.16.3/micrometer-bom-1.16.3.pom
2026-03-06 23:28:06,261 [Worker-13: Building] INFO  o.e.m.c.i.e.AbstractTransferListenerAdapter - Downloaded https://repo.maven.apache.org/maven2/io/micrometer/micrometer-bom/1.16.3/micrometer-bom-1.16.3.pom
2026-03-06 23:28:06,320 [Worker-13: Building] INFO  o.e.m.c.i.e.AbstractTransferListenerAdapter - Downloading https://repo.maven.apache.org/maven2/io/micrometer/micrometer-tracing-bom/1.6.3/micrometer-tracing-bom-1.6.3.pom
2026-03-06 23:28:06,324 [Worker-13: Building] INFO  o.e.m.c.i.e.AbstractTransferListenerAdapter - Downloaded https://repo.maven.apache.org/maven2/io/micrometer/micrometer-tracing-bom/1.6.3/micrometer-tracing-bom-1.6.3.pom
2026-03-06 23:28:06,383 [Worker-13: Building] INFO  o.e.m.c.i.e.AbstractTransferListenerAdapter - Downloading https://repo.maven.apache.org/maven2/org/mockito/mockito-bom/5.20.0/mockito-bom-5.20.0.pom
2026-03-06 23:28:06,387 [Worker-13: Building] INFO  o.e.m.c.i.e.AbstractTransferListenerAdapter - Downloaded https://repo.maven.apache.org/maven2/org/mockito/mockito-bom/5.20.0/mockito-bom-5.20.0.pom
2026-03-06 23:28:06,446 [Worker-13: Building] INFO  o.e.m.c.i.e.AbstractTransferListenerAdapter - Downloading https://repo.maven.apache.org/maven2/org/mongodb/mongodb-driver-bom/5.6.3/mongodb-driver-bom-5.6.3.pom
2026-03-06 23:28:06,450 [Worker-13: Building] INFO  o.e.m.c.i.e.AbstractTransferListenerAdapter - Downloaded https://repo.maven.apache.org/maven2/org/mongodb/mongodb-driver-bom/5.6.3/mongodb-driver-bom-5.6.3.pom
2026-03-06 23:28:06,511 [Worker-13: Building] INFO  o.e.m.c.i.e.AbstractTransferListenerAdapter - Downloading https://repo.maven.apache.org/maven2/org/neo4j/driver/neo4j-java-driver-bom/6.0.2/neo4j-java-driver-bom-6.0.2.pom
2026-03-06 23:28:06,515 [Worker-13: Building] INFO  o.e.m.c.i.e.AbstractTransferListenerAdapter - Downloaded https://repo.maven.apache.org/maven2/org/neo4j/driver/neo4j-java-driver-bom/6.0.2/neo4j-java-driver-bom-6.0.2.pom
2026-03-06 23:28:06,574 [Worker-13: Building] INFO  o.e.m.c.i.e.AbstractTransferListenerAdapter - Downloading https://repo.maven.apache.org/maven2/org/neo4j/bolt/neo4j-bolt-connection-bom/10.1.0/neo4j-bolt-connection-bom-10.1.0.pom
2026-03-06 23:28:06,579 [Worker-13: Building] INFO  o.e.m.c.i.e.AbstractTransferListenerAdapter - Downloaded https://repo.maven.apache.org/maven2/org/neo4j/bolt/neo4j-bolt-connection-bom/10.1.0/neo4j-bolt-connection-bom-10.1.0.pom
2026-03-06 23:28:06,645 [Worker-13: Building] INFO  o.e.m.c.i.e.AbstractTransferListenerAdapter - Downloading https://repo.maven.apache.org/maven2/io/netty/netty-bom/4.2.10.Final/netty-bom-4.2.10.Final.pom
2026-03-06 23:28:06,650 [Worker-13: Building] INFO  o.e.m.c.i.e.AbstractTransferListenerAdapter - Downloaded https://repo.maven.apache.org/maven2/io/netty/netty-bom/4.2.10.Final/netty-bom-4.2.10.Final.pom
2026-03-06 23:28:06,731 [Worker-13: Building] INFO  o.e.m.c.i.e.AbstractTransferListenerAdapter - Downloading https://repo.maven.apache.org/maven2/io/opentelemetry/opentelemetry-bom/1.55.0/opentelemetry-bom-1.55.0.pom
2026-03-06 23:28:06,733 [Worker-13: Building] INFO  o.e.m.c.i.e.AbstractTransferListenerAdapter - Downloaded https://repo.maven.apache.org/maven2/io/opentelemetry/opentelemetry-bom/1.55.0/opentelemetry-bom-1.55.0.pom
2026-03-06 23:28:06,793 [Worker-13: Building] INFO  o.e.m.c.i.e.AbstractTransferListenerAdapter - Downloading https://repo.maven.apache.org/maven2/io/prometheus/prometheus-metrics-bom/1.4.3/prometheus-metrics-bom-1.4.3.pom
2026-03-06 23:28:06,796 [Worker-13: Building] INFO  o.e.m.c.i.e.AbstractTransferListenerAdapter - Downloaded https://repo.maven.apache.org/maven2/io/prometheus/prometheus-metrics-bom/1.4.3/prometheus-metrics-bom-1.4.3.pom
2026-03-06 23:28:06,854 [Worker-13: Building] INFO  o.e.m.c.i.e.AbstractTransferListenerAdapter - Downloading https://repo.maven.apache.org/maven2/io/prometheus/client_java_parent/1.4.3/client_java_parent-1.4.3.pom
2026-03-06 23:28:06,859 [Worker-13: Building] INFO  o.e.m.c.i.e.AbstractTransferListenerAdapter - Downloaded https://repo.maven.apache.org/maven2/io/prometheus/client_java_parent/1.4.3/client_java_parent-1.4.3.pom
2026-03-06 23:28:06,925 [Worker-13: Building] INFO  o.e.m.c.i.e.AbstractTransferListenerAdapter - Downloading https://repo.maven.apache.org/maven2/org/apache/pulsar/pulsar-bom/4.1.2/pulsar-bom-4.1.2.pom
2026-03-06 23:28:06,929 [Worker-13: Building] INFO  o.e.m.c.i.e.AbstractTransferListenerAdapter - Downloaded https://repo.maven.apache.org/maven2/org/apache/pulsar/pulsar-bom/4.1.2/pulsar-bom-4.1.2.pom
2026-03-06 23:28:06,994 [Worker-13: Building] INFO  o.e.m.c.i.e.AbstractTransferListenerAdapter - Downloading https://repo.maven.apache.org/maven2/io/projectreactor/reactor-bom/2025.0.3/reactor-bom-2025.0.3.pom
2026-03-06 23:28:06,998 [Worker-13: Building] INFO  o.e.m.c.i.e.AbstractTransferListenerAdapter - Downloaded https://repo.maven.apache.org/maven2/io/projectreactor/reactor-bom/2025.0.3/reactor-bom-2025.0.3.pom
2026-03-06 23:28:07,061 [Worker-13: Building] INFO  o.e.m.c.i.e.AbstractTransferListenerAdapter - Downloading https://repo.maven.apache.org/maven2/org/seleniumhq/selenium/selenium-bom/4.37.0/selenium-bom-4.37.0.pom
2026-03-06 23:28:07,085 [Worker-13: Building] INFO  o.e.m.c.i.e.AbstractTransferListenerAdapter - Downloaded https://repo.maven.apache.org/maven2/org/seleniumhq/selenium/selenium-bom/4.37.0/selenium-bom-4.37.0.pom
2026-03-06 23:28:07,150 [Worker-13: Building] INFO  o.e.m.c.i.e.AbstractTransferListenerAdapter - Downloading https://repo.maven.apache.org/maven2/org/springframework/amqp/spring-amqp-bom/4.0.2/spring-amqp-bom-4.0.2.pom
2026-03-06 23:28:07,155 [Worker-13: Building] INFO  o.e.m.c.i.e.AbstractTransferListenerAdapter - Downloaded https://repo.maven.apache.org/maven2/org/springframework/amqp/spring-amqp-bom/4.0.2/spring-amqp-bom-4.0.2.pom
2026-03-06 23:28:07,218 [Worker-13: Building] INFO  o.e.m.c.i.e.AbstractTransferListenerAdapter - Downloading https://repo.maven.apache.org/maven2/org/springframework/batch/spring-batch-bom/6.0.2/spring-batch-bom-6.0.2.pom
2026-03-06 23:28:07,224 [Worker-13: Building] INFO  o.e.m.c.i.e.AbstractTransferListenerAdapter - Downloaded https://repo.maven.apache.org/maven2/org/springframework/batch/spring-batch-bom/6.0.2/spring-batch-bom-6.0.2.pom
2026-03-06 23:28:07,285 [Worker-13: Building] INFO  o.e.m.c.i.e.AbstractTransferListenerAdapter - Downloading https://repo.maven.apache.org/maven2/org/springframework/data/spring-data-bom/2025.1.3/spring-data-bom-2025.1.3.pom
2026-03-06 23:28:07,293 [Worker-13: Building] INFO  o.e.m.c.i.e.AbstractTransferListenerAdapter - Downloaded https://repo.maven.apache.org/maven2/org/springframework/data/spring-data-bom/2025.1.3/spring-data-bom-2025.1.3.pom
2026-03-06 23:28:07,356 [Worker-13: Building] INFO  o.e.m.c.i.e.AbstractTransferListenerAdapter - Downloading https://repo.maven.apache.org/maven2/org/springframework/spring-framework-bom/7.0.5/spring-framework-bom-7.0.5.pom
2026-03-06 23:28:07,362 [Worker-13: Building] INFO  o.e.m.c.i.e.AbstractTransferListenerAdapter - Downloaded https://repo.maven.apache.org/maven2/org/springframework/spring-framework-bom/7.0.5/spring-framework-bom-7.0.5.pom
2026-03-06 23:28:07,424 [Worker-13: Building] INFO  o.e.m.c.i.e.AbstractTransferListenerAdapter - Downloading https://repo.maven.apache.org/maven2/org/springframework/integration/spring-integration-bom/7.0.3/spring-integration-bom-7.0.3.pom
2026-03-06 23:28:07,429 [Worker-13: Building] INFO  o.e.m.c.i.e.AbstractTransferListenerAdapter - Downloaded https://repo.maven.apache.org/maven2/org/springframework/integration/spring-integration-bom/7.0.3/spring-integration-bom-7.0.3.pom
2026-03-06 23:28:07,486 [Worker-13: Building] INFO  o.e.m.c.i.e.AbstractTransferListenerAdapter - Downloading https://repo.maven.apache.org/maven2/org/springframework/pulsar/spring-pulsar-bom/2.0.3/spring-pulsar-bom-2.0.3.pom
2026-03-06 23:28:07,491 [Worker-13: Building] INFO  o.e.m.c.i.e.AbstractTransferListenerAdapter - Downloaded https://repo.maven.apache.org/maven2/org/springframework/pulsar/spring-pulsar-bom/2.0.3/spring-pulsar-bom-2.0.3.pom
2026-03-06 23:28:07,550 [Worker-13: Building] INFO  o.e.m.c.i.e.AbstractTransferListenerAdapter - Downloading https://repo.maven.apache.org/maven2/org/springframework/restdocs/spring-restdocs-bom/4.0.0/spring-restdocs-bom-4.0.0.pom
2026-03-06 23:28:07,554 [Worker-13: Building] INFO  o.e.m.c.i.e.AbstractTransferListenerAdapter - Downloaded https://repo.maven.apache.org/maven2/org/springframework/restdocs/spring-restdocs-bom/4.0.0/spring-restdocs-bom-4.0.0.pom
2026-03-06 23:28:07,616 [Worker-13: Building] INFO  o.e.m.c.i.e.AbstractTransferListenerAdapter - Downloading https://repo.maven.apache.org/maven2/org/springframework/security/spring-security-bom/7.0.3/spring-security-bom-7.0.3.pom
2026-03-06 23:28:07,620 [Worker-13: Building] INFO  o.e.m.c.i.e.AbstractTransferListenerAdapter - Downloaded https://repo.maven.apache.org/maven2/org/springframework/security/spring-security-bom/7.0.3/spring-security-bom-7.0.3.pom
2026-03-06 23:28:07,678 [Worker-13: Building] INFO  o.e.m.c.i.e.AbstractTransferListenerAdapter - Downloading https://repo.maven.apache.org/maven2/org/springframework/session/spring-session-bom/4.0.2/spring-session-bom-4.0.2.pom
2026-03-06 23:28:07,682 [Worker-13: Building] INFO  o.e.m.c.i.e.AbstractTransferListenerAdapter - Downloaded https://repo.maven.apache.org/maven2/org/springframework/session/spring-session-bom/4.0.2/spring-session-bom-4.0.2.pom
2026-03-06 23:28:07,740 [Worker-13: Building] INFO  o.e.m.c.i.e.AbstractTransferListenerAdapter - Downloading https://repo.maven.apache.org/maven2/org/springframework/ws/spring-ws-bom/5.0.0/spring-ws-bom-5.0.0.pom
2026-03-06 23:28:07,744 [Worker-13: Building] INFO  o.e.m.c.i.e.AbstractTransferListenerAdapter - Downloaded https://repo.maven.apache.org/maven2/org/springframework/ws/spring-ws-bom/5.0.0/spring-ws-bom-5.0.0.pom
2026-03-06 23:28:07,804 [Worker-13: Building] INFO  o.e.m.c.i.e.AbstractTransferListenerAdapter - Downloading https://repo.maven.apache.org/maven2/org/testcontainers/testcontainers-bom/2.0.3/testcontainers-bom-2.0.3.pom
2026-03-06 23:28:07,809 [Worker-13: Building] INFO  o.e.m.c.i.e.AbstractTransferListenerAdapter - Downloaded https://repo.maven.apache.org/maven2/org/testcontainers/testcontainers-bom/2.0.3/testcontainers-bom-2.0.3.pom
2026-03-06 23:28:08,647 [Worker-13: Building] INFO  o.e.m.c.i.e.AbstractTransferListenerAdapter - Downloading https://repo.maven.apache.org/maven2/org/springframework/boot/spring-boot-maven-plugin/4.0.3/spring-boot-maven-plugin-4.0.3.pom
2026-03-06 23:28:08,655 [Worker-13: Building] INFO  o.e.m.c.i.e.AbstractTransferListenerAdapter - Downloaded https://repo.maven.apache.org/maven2/org/springframework/boot/spring-boot-maven-plugin/4.0.3/spring-boot-maven-plugin-4.0.3.pom
2026-03-06 23:28:08,746 [Worker-13: Building] INFO  o.e.m.c.i.e.AbstractTransferListenerAdapter - Downloading https://repo.maven.apache.org/maven2/org/springframework/boot/spring-boot-maven-plugin/4.0.3/spring-boot-maven-plugin-4.0.3.jar
2026-03-06 23:28:08,800 [Worker-13: Building] INFO  o.e.m.c.i.e.AbstractTransferListenerAdapter - Downloaded https://repo.maven.apache.org/maven2/org/springframework/boot/spring-boot-maven-plugin/4.0.3/spring-boot-maven-plugin-4.0.3.jar
2026-03-06 23:28:08,925 [Worker-13: Building] INFO  o.e.m.c.i.e.AbstractTransferListenerAdapter - Downloading https://repo.maven.apache.org/maven2/org/apache/maven/plugins/maven-clean-plugin/3.5.0/maven-clean-plugin-3.5.0.jar
2026-03-06 23:28:08,964 [Worker-13: Building] INFO  o.e.m.c.i.e.AbstractTransferListenerAdapter - Downloaded https://repo.maven.apache.org/maven2/org/apache/maven/plugins/maven-clean-plugin/3.5.0/maven-clean-plugin-3.5.0.jar
2026-03-06 23:28:09,038 [Worker-13: Building] INFO  o.e.m.c.i.e.AbstractTransferListenerAdapter - Downloading https://repo.maven.apache.org/maven2/org/apache/maven/plugins/maven-compiler-plugin/3.14.1/maven-compiler-plugin-3.14.1.jar
2026-03-06 23:28:09,055 [Worker-13: Building] INFO  o.e.m.c.i.e.AbstractTransferListenerAdapter - Downloaded https://repo.maven.apache.org/maven2/org/apache/maven/plugins/maven-compiler-plugin/3.14.1/maven-compiler-plugin-3.14.1.jar
2026-03-06 23:28:09,126 [Worker-13: Building] INFO  o.e.m.c.i.e.AbstractTransferListenerAdapter - Downloading https://repo.maven.apache.org/maven2/org/apache/maven/plugins/maven-surefire-plugin/3.5.4/maven-surefire-plugin-3.5.4.jar
2026-03-06 23:28:09,137 [Worker-13: Building] INFO  o.e.m.c.i.e.AbstractTransferListenerAdapter - Downloaded https://repo.maven.apache.org/maven2/org/apache/maven/plugins/maven-surefire-plugin/3.5.4/maven-surefire-plugin-3.5.4.jar
2026-03-06 23:28:09,238 [Worker-13: Building] INFO  o.e.m.c.i.e.AbstractTransferListenerAdapter - Downloading https://repo.maven.apache.org/maven2/org/apache/maven/plugins/maven-compiler-plugin/3.14.1/maven-compiler-plugin-3.14.1.pom
2026-03-06 23:28:09,246 [Worker-13: Building] INFO  o.e.m.c.i.e.AbstractTransferListenerAdapter - Downloaded https://repo.maven.apache.org/maven2/org/apache/maven/plugins/maven-compiler-plugin/3.14.1/maven-compiler-plugin-3.14.1.pom
2026-03-06 23:28:09,313 [Worker-13: Building] INFO  o.e.m.c.i.e.AbstractTransferListenerAdapter - Downloading https://repo.maven.apache.org/maven2/org/apache/maven/plugins/maven-plugins/45/maven-plugins-45.pom
2026-03-06 23:28:09,318 [Worker-13: Building] INFO  o.e.m.c.i.e.AbstractTransferListenerAdapter - Downloaded https://repo.maven.apache.org/maven2/org/apache/maven/plugins/maven-plugins/45/maven-plugins-45.pom
2026-03-06 23:28:09,388 [Worker-13: Building] INFO  o.e.m.c.i.e.AbstractTransferListenerAdapter - Downloading https://repo.maven.apache.org/maven2/org/apache/maven/maven-parent/45/maven-parent-45.pom
2026-03-06 23:28:09,396 [Worker-13: Building] INFO  o.e.m.c.i.e.AbstractTransferListenerAdapter - Downloaded https://repo.maven.apache.org/maven2/org/apache/maven/maven-parent/45/maven-parent-45.pom
2026-03-06 23:28:09,464 [Worker-13: Building] INFO  o.e.m.c.i.e.AbstractTransferListenerAdapter - Downloading https://repo.maven.apache.org/maven2/org/junit/junit-bom/5.13.1/junit-bom-5.13.1.pom
2026-03-06 23:28:09,470 [Worker-13: Building] INFO  o.e.m.c.i.e.AbstractTransferListenerAdapter - Downloaded https://repo.maven.apache.org/maven2/org/junit/junit-bom/5.13.1/junit-bom-5.13.1.pom
2026-03-06 23:28:09,564 [Worker-13: Building] INFO  o.e.m.c.i.e.AbstractTransferListenerAdapter - Downloading https://repo.maven.apache.org/maven2/org/ow2/asm/asm/9.8/asm-9.8.pom
2026-03-06 23:28:09,570 [Worker-13: Building] INFO  o.e.m.c.i.e.AbstractTransferListenerAdapter - Downloaded https://repo.maven.apache.org/maven2/org/ow2/asm/asm/9.8/asm-9.8.pom
2026-03-06 23:28:09,709 [Worker-13: Building] INFO  o.e.m.c.i.e.AbstractTransferListenerAdapter - Downloading https://repo.maven.apache.org/maven2/org/codehaus/plexus/plexus-java/1.5.0/plexus-java-1.5.0.pom
2026-03-06 23:28:09,714 [Worker-13: Building] INFO  o.e.m.c.i.e.AbstractTransferListenerAdapter - Downloaded https://repo.maven.apache.org/maven2/org/codehaus/plexus/plexus-java/1.5.0/plexus-java-1.5.0.pom
2026-03-06 23:28:09,778 [Worker-13: Building] INFO  o.e.m.c.i.e.AbstractTransferListenerAdapter - Downloading https://repo.maven.apache.org/maven2/org/codehaus/plexus/plexus-languages/1.5.0/plexus-languages-1.5.0.pom
2026-03-06 23:28:09,784 [Worker-13: Building] INFO  o.e.m.c.i.e.AbstractTransferListenerAdapter - Downloaded https://repo.maven.apache.org/maven2/org/codehaus/plexus/plexus-languages/1.5.0/plexus-languages-1.5.0.pom
2026-03-06 23:28:09,895 [Worker-13: Building] INFO  o.e.m.c.i.e.AbstractTransferListenerAdapter - Downloading https://repo.maven.apache.org/maven2/org/codehaus/plexus/plexus-utils/4.0.2/plexus-utils-4.0.2.pom
2026-03-06 23:28:09,899 [Worker-13: Building] INFO  o.e.m.c.i.e.AbstractTransferListenerAdapter - Downloaded https://repo.maven.apache.org/maven2/org/codehaus/plexus/plexus-utils/4.0.2/plexus-utils-4.0.2.pom
2026-03-06 23:28:10,027 [Worker-13: Building] INFO  o.e.m.c.i.e.AbstractTransferListenerAdapter - Downloading https://repo.maven.apache.org/maven2/org/ow2/asm/asm/9.8/asm-9.8.jar
2026-03-06 23:28:10,050 [Worker-13: Building] INFO  o.e.m.c.i.e.AbstractTransferListenerAdapter - Downloaded https://repo.maven.apache.org/maven2/org/ow2/asm/asm/9.8/asm-9.8.jar
2026-03-06 23:28:10,103 [BasicRepositoryConnector-repo.maven.apache.org-0-0] INFO  o.e.m.c.i.e.AbstractTransferListenerAdapter - Downloading https://repo.maven.apache.org/maven2/org/codehaus/plexus/plexus-java/1.5.0/plexus-java-1.5.0.jar
2026-03-06 23:28:10,116 [BasicRepositoryConnector-repo.maven.apache.org-0-0] INFO  o.e.m.c.i.e.AbstractTransferListenerAdapter - Downloaded https://repo.maven.apache.org/maven2/org/codehaus/plexus/plexus-java/1.5.0/plexus-java-1.5.0.jar
2026-03-06 23:28:10,161 [BasicRepositoryConnector-repo.maven.apache.org-0-1] INFO  o.e.m.c.i.e.AbstractTransferListenerAdapter - Downloading https://repo.maven.apache.org/maven2/org/codehaus/plexus/plexus-utils/4.0.2/plexus-utils-4.0.2.jar
2026-03-06 23:28:10,224 [BasicRepositoryConnector-repo.maven.apache.org-0-1] INFO  o.e.m.c.i.e.AbstractTransferListenerAdapter - Downloaded https://repo.maven.apache.org/maven2/org/codehaus/plexus/plexus-utils/4.0.2/plexus-utils-4.0.2.jar
2026-03-06 23:28:10,486 [Worker-13: Building] INFO  o.e.m.c.i.l.LifecycleMappingFactory - Using org.eclipse.m2e.jdt.JarLifecycleMapping lifecycle mapping for MavenProject: com.example:backend-sapharma:0.0.1-SNAPSHOT @ C:\Users\X1 Carbon\Desktop\miniprojet\backend-sapharma\pom.xml.
2026-03-06 23:28:10,564 [Worker-13: Building] INFO  o.e.m.c.i.e.AbstractTransferListenerAdapter - Downloading https://repo.maven.apache.org/maven2/org/springframework/boot/spring-boot-starter-data-jpa/4.0.3/spring-boot-starter-data-jpa-4.0.3.pom
2026-03-06 23:28:10,569 [Worker-13: Building] INFO  o.e.m.c.i.e.AbstractTransferListenerAdapter - Downloaded https://repo.maven.apache.org/maven2/org/springframework/boot/spring-boot-starter-data-jpa/4.0.3/spring-boot-starter-data-jpa-4.0.3.pom
2026-03-06 23:28:10,622 [Worker-13: Building] INFO  o.e.m.c.i.e.AbstractTransferListenerAdapter - Downloading https://repo.maven.apache.org/maven2/org/springframework/boot/spring-boot-starter/4.0.3/spring-boot-starter-4.0.3.pom
2026-03-06 23:28:10,630 [Worker-13: Building] INFO  o.e.m.c.i.e.AbstractTransferListenerAdapter - Downloaded https://repo.maven.apache.org/maven2/org/springframework/boot/spring-boot-starter/4.0.3/spring-boot-starter-4.0.3.pom
2026-03-06 23:28:10,684 [Worker-13: Building] INFO  o.e.m.c.i.e.AbstractTransferListenerAdapter - Downloading https://repo.maven.apache.org/maven2/org/springframework/boot/spring-boot-starter-logging/4.0.3/spring-boot-starter-logging-4.0.3.pom
2026-03-06 23:28:10,691 [Worker-13: Building] INFO  o.e.m.c.i.e.AbstractTransferListenerAdapter - Downloaded https://repo.maven.apache.org/maven2/org/springframework/boot/spring-boot-starter-logging/4.0.3/spring-boot-starter-logging-4.0.3.pom
2026-03-06 23:28:10,749 [Worker-13: Building] INFO  o.e.m.c.i.e.AbstractTransferListenerAdapter - Downloading https://repo.maven.apache.org/maven2/ch/qos/logback/logback-classic/1.5.32/logback-classic-1.5.32.pom
2026-03-06 23:28:10,755 [Worker-13: Building] INFO  o.e.m.c.i.e.AbstractTransferListenerAdapter - Downloaded https://repo.maven.apache.org/maven2/ch/qos/logback/logback-classic/1.5.32/logback-classic-1.5.32.pom
2026-03-06 23:28:10,812 [Worker-13: Building] INFO  o.e.m.c.i.e.AbstractTransferListenerAdapter - Downloading https://repo.maven.apache.org/maven2/ch/qos/logback/logback-parent/1.5.32/logback-parent-1.5.32.pom
2026-03-06 23:28:10,816 [Worker-13: Building] INFO  o.e.m.c.i.e.AbstractTransferListenerAdapter - Downloaded https://repo.maven.apache.org/maven2/ch/qos/logback/logback-parent/1.5.32/logback-parent-1.5.32.pom
2026-03-06 23:28:10,867 [Worker-13: Building] INFO  o.e.m.c.i.e.AbstractTransferListenerAdapter - Downloading https://repo.maven.apache.org/maven2/ch/qos/logback/logback-core/1.5.32/logback-core-1.5.32.pom
2026-03-06 23:28:10,872 [Worker-13: Building] INFO  o.e.m.c.i.e.AbstractTransferListenerAdapter - Downloaded https://repo.maven.apache.org/maven2/ch/qos/logback/logback-core/1.5.32/logback-core-1.5.32.pom
2026-03-06 23:28:10,937 [Worker-13: Building] INFO  o.e.m.c.i.e.AbstractTransferListenerAdapter - Downloading https://repo.maven.apache.org/maven2/org/apache/logging/log4j/log4j-to-slf4j/2.25.3/log4j-to-slf4j-2.25.3.pom
2026-03-06 23:28:10,949 [Worker-13: Building] INFO  o.e.m.c.i.e.AbstractTransferListenerAdapter - Downloaded https://repo.maven.apache.org/maven2/org/apache/logging/log4j/log4j-to-slf4j/2.25.3/log4j-to-slf4j-2.25.3.pom
2026-03-06 23:28:10,998 [Worker-13: Building] INFO  o.e.m.c.i.e.AbstractTransferListenerAdapter - Downloading https://repo.maven.apache.org/maven2/org/apache/logging/log4j/log4j/2.25.3/log4j-2.25.3.pom
2026-03-06 23:28:11,003 [Worker-13: Building] INFO  o.e.m.c.i.e.AbstractTransferListenerAdapter - Downloaded https://repo.maven.apache.org/maven2/org/apache/logging/log4j/log4j/2.25.3/log4j-2.25.3.pom
2026-03-06 23:28:11,053 [Worker-13: Building] INFO  o.e.m.c.i.e.AbstractTransferListenerAdapter - Downloading https://repo.maven.apache.org/maven2/org/apache/groovy/groovy-bom/4.0.27/groovy-bom-4.0.27.pom
2026-03-06 23:28:11,060 [Worker-13: Building] INFO  o.e.m.c.i.e.AbstractTransferListenerAdapter - Downloaded https://repo.maven.apache.org/maven2/org/apache/groovy/groovy-bom/4.0.27/groovy-bom-4.0.27.pom
2026-03-06 23:28:11,105 [Worker-13: Building] INFO  o.e.m.c.i.e.AbstractTransferListenerAdapter - Downloading https://repo.maven.apache.org/maven2/com/fasterxml/jackson/jackson-bom/2.19.1/jackson-bom-2.19.1.pom
2026-03-06 23:28:11,111 [Worker-13: Building] INFO  o.e.m.c.i.e.AbstractTransferListenerAdapter - Downloaded https://repo.maven.apache.org/maven2/com/fasterxml/jackson/jackson-bom/2.19.1/jackson-bom-2.19.1.pom
2026-03-06 23:28:11,159 [Worker-13: Building] INFO  o.e.m.c.i.e.AbstractTransferListenerAdapter - Downloading https://repo.maven.apache.org/maven2/com/fasterxml/jackson/jackson-parent/2.19.2/jackson-parent-2.19.2.pom
2026-03-06 23:28:11,163 [Worker-13: Building] INFO  o.e.m.c.i.e.AbstractTransferListenerAdapter - Downloaded https://repo.maven.apache.org/maven2/com/fasterxml/jackson/jackson-parent/2.19.2/jackson-parent-2.19.2.pom
2026-03-06 23:28:11,208 [Worker-13: Building] INFO  o.e.m.c.i.e.AbstractTransferListenerAdapter - Downloading https://repo.maven.apache.org/maven2/com/fasterxml/oss-parent/68/oss-parent-68.pom
2026-03-06 23:28:11,212 [Worker-13: Building] INFO  o.e.m.c.i.e.AbstractTransferListenerAdapter - Downloaded https://repo.maven.apache.org/maven2/com/fasterxml/oss-parent/68/oss-parent-68.pom
2026-03-06 23:28:11,269 [Worker-13: Building] INFO  o.e.m.c.i.e.AbstractTransferListenerAdapter - Downloading https://repo.maven.apache.org/maven2/org/junit/junit-bom/5.13.2/junit-bom-5.13.2.pom
2026-03-06 23:28:11,275 [Worker-13: Building] INFO  o.e.m.c.i.e.AbstractTransferListenerAdapter - Downloaded https://repo.maven.apache.org/maven2/org/junit/junit-bom/5.13.2/junit-bom-5.13.2.pom
2026-03-06 23:28:11,324 [Worker-13: Building] INFO  o.e.m.c.i.e.AbstractTransferListenerAdapter - Downloading https://repo.maven.apache.org/maven2/org/apache/logging/log4j/log4j-api/2.25.3/log4j-api-2.25.3.pom
2026-03-06 23:28:11,328 [Worker-13: Building] INFO  o.e.m.c.i.e.AbstractTransferListenerAdapter - Downloaded https://repo.maven.apache.org/maven2/org/apache/logging/log4j/log4j-api/2.25.3/log4j-api-2.25.3.pom
2026-03-06 23:28:11,382 [Worker-13: Building] INFO  o.e.m.c.i.e.AbstractTransferListenerAdapter - Downloading https://repo.maven.apache.org/maven2/org/springframework/boot/spring-boot-autoconfigure/4.0.3/spring-boot-autoconfigure-4.0.3.pom
2026-03-06 23:28:11,386 [Worker-13: Building] INFO  o.e.m.c.i.e.AbstractTransferListenerAdapter - Downloaded https://repo.maven.apache.org/maven2/org/springframework/boot/spring-boot-autoconfigure/4.0.3/spring-boot-autoconfigure-4.0.3.pom
2026-03-06 23:28:11,436 [Worker-13: Building] INFO  o.e.m.c.i.e.AbstractTransferListenerAdapter - Downloading https://repo.maven.apache.org/maven2/org/springframework/boot/spring-boot/4.0.3/spring-boot-4.0.3.pom
2026-03-06 23:28:11,442 [Worker-13: Building] INFO  o.e.m.c.i.e.AbstractTransferListenerAdapter - Downloaded https://repo.maven.apache.org/maven2/org/springframework/boot/spring-boot/4.0.3/spring-boot-4.0.3.pom
2026-03-06 23:28:11,489 [Worker-13: Building] INFO  o.e.m.c.i.e.AbstractTransferListenerAdapter - Downloading https://repo.maven.apache.org/maven2/org/springframework/spring-core/7.0.5/spring-core-7.0.5.pom
2026-03-06 23:28:11,494 [Worker-13: Building] INFO  o.e.m.c.i.e.AbstractTransferListenerAdapter - Downloaded https://repo.maven.apache.org/maven2/org/springframework/spring-core/7.0.5/spring-core-7.0.5.pom
2026-03-06 23:28:11,542 [Worker-13: Building] INFO  o.e.m.c.i.e.AbstractTransferListenerAdapter - Downloading https://repo.maven.apache.org/maven2/commons-logging/commons-logging/1.3.5/commons-logging-1.3.5.pom
2026-03-06 23:28:11,546 [Worker-13: Building] INFO  o.e.m.c.i.e.AbstractTransferListenerAdapter - Downloaded https://repo.maven.apache.org/maven2/commons-logging/commons-logging/1.3.5/commons-logging-1.3.5.pom
2026-03-06 23:28:11,616 [Worker-13: Building] INFO  o.e.m.c.i.e.AbstractTransferListenerAdapter - Downloading https://repo.maven.apache.org/maven2/org/apache/commons/commons-parent/81/commons-parent-81.pom
2026-03-06 23:28:11,622 [Worker-13: Building] INFO  o.e.m.c.i.e.AbstractTransferListenerAdapter - Downloaded https://repo.maven.apache.org/maven2/org/apache/commons/commons-parent/81/commons-parent-81.pom
2026-03-06 23:28:11,675 [Worker-13: Building] INFO  o.e.m.c.i.e.AbstractTransferListenerAdapter - Downloading https://repo.maven.apache.org/maven2/org/jspecify/jspecify/1.0.0/jspecify-1.0.0.pom
2026-03-06 23:28:11,677 [Worker-13: Building] INFO  o.e.m.c.i.e.AbstractTransferListenerAdapter - Downloaded https://repo.maven.apache.org/maven2/org/jspecify/jspecify/1.0.0/jspecify-1.0.0.pom
2026-03-06 23:28:11,726 [Worker-13: Building] INFO  o.e.m.c.i.e.AbstractTransferListenerAdapter - Downloading https://repo.maven.apache.org/maven2/org/springframework/spring-context/7.0.5/spring-context-7.0.5.pom
2026-03-06 23:28:11,732 [Worker-13: Building] INFO  o.e.m.c.i.e.AbstractTransferListenerAdapter - Downloaded https://repo.maven.apache.org/maven2/org/springframework/spring-context/7.0.5/spring-context-7.0.5.pom
2026-03-06 23:28:11,779 [Worker-13: Building] INFO  o.e.m.c.i.e.AbstractTransferListenerAdapter - Downloading https://repo.maven.apache.org/maven2/org/springframework/spring-aop/7.0.5/spring-aop-7.0.5.pom
2026-03-06 23:28:11,785 [Worker-13: Building] INFO  o.e.m.c.i.e.AbstractTransferListenerAdapter - Downloaded https://repo.maven.apache.org/maven2/org/springframework/spring-aop/7.0.5/spring-aop-7.0.5.pom
2026-03-06 23:28:11,834 [Worker-13: Building] INFO  o.e.m.c.i.e.AbstractTransferListenerAdapter - Downloading https://repo.maven.apache.org/maven2/org/springframework/spring-beans/7.0.5/spring-beans-7.0.5.pom
2026-03-06 23:28:11,840 [Worker-13: Building] INFO  o.e.m.c.i.e.AbstractTransferListenerAdapter - Downloaded https://repo.maven.apache.org/maven2/org/springframework/spring-beans/7.0.5/spring-beans-7.0.5.pom
2026-03-06 23:28:11,889 [Worker-13: Building] INFO  o.e.m.c.i.e.AbstractTransferListenerAdapter - Downloading https://repo.maven.apache.org/maven2/org/springframework/spring-expression/7.0.5/spring-expression-7.0.5.pom
2026-03-06 23:28:11,892 [Worker-13: Building] INFO  o.e.m.c.i.e.AbstractTransferListenerAdapter - Downloaded https://repo.maven.apache.org/maven2/org/springframework/spring-expression/7.0.5/spring-expression-7.0.5.pom
2026-03-06 23:28:11,938 [Worker-13: Building] INFO  o.e.m.c.i.e.AbstractTransferListenerAdapter - Downloading https://repo.maven.apache.org/maven2/io/micrometer/micrometer-observation/1.16.3/micrometer-observation-1.16.3.pom
2026-03-06 23:28:11,942 [Worker-13: Building] INFO  o.e.m.c.i.e.AbstractTransferListenerAdapter - Downloaded https://repo.maven.apache.org/maven2/io/micrometer/micrometer-observation/1.16.3/micrometer-observation-1.16.3.pom
2026-03-06 23:28:11,986 [Worker-13: Building] INFO  o.e.m.c.i.e.AbstractTransferListenerAdapter - Downloading https://repo.maven.apache.org/maven2/io/micrometer/micrometer-commons/1.16.3/micrometer-commons-1.16.3.pom
2026-03-06 23:28:11,990 [Worker-13: Building] INFO  o.e.m.c.i.e.AbstractTransferListenerAdapter - Downloaded https://repo.maven.apache.org/maven2/io/micrometer/micrometer-commons/1.16.3/micrometer-commons-1.16.3.pom
2026-03-06 23:28:12,041 [Worker-13: Building] INFO  o.e.m.c.i.e.AbstractTransferListenerAdapter - Downloading https://repo.maven.apache.org/maven2/jakarta/annotation/jakarta.annotation-api/3.0.0/jakarta.annotation-api-3.0.0.pom
2026-03-06 23:28:12,044 [Worker-13: Building] INFO  o.e.m.c.i.e.AbstractTransferListenerAdapter - Downloaded https://repo.maven.apache.org/maven2/jakarta/annotation/jakarta.annotation-api/3.0.0/jakarta.annotation-api-3.0.0.pom
2026-03-06 23:28:12,093 [Worker-13: Building] INFO  o.e.m.c.i.e.AbstractTransferListenerAdapter - Downloading https://repo.maven.apache.org/maven2/org/yaml/snakeyaml/2.5/snakeyaml-2.5.pom
2026-03-06 23:28:12,097 [Worker-13: Building] INFO  o.e.m.c.i.e.AbstractTransferListenerAdapter - Downloaded https://repo.maven.apache.org/maven2/org/yaml/snakeyaml/2.5/snakeyaml-2.5.pom
2026-03-06 23:28:12,145 [Worker-13: Building] INFO  o.e.m.c.i.e.AbstractTransferListenerAdapter - Downloading https://repo.maven.apache.org/maven2/org/springframework/boot/spring-boot-starter-jdbc/4.0.3/spring-boot-starter-jdbc-4.0.3.pom
2026-03-06 23:28:12,149 [Worker-13: Building] INFO  o.e.m.c.i.e.AbstractTransferListenerAdapter - Downloaded https://repo.maven.apache.org/maven2/org/springframework/boot/spring-boot-starter-jdbc/4.0.3/spring-boot-starter-jdbc-4.0.3.pom
2026-03-06 23:28:12,197 [Worker-13: Building] INFO  o.e.m.c.i.e.AbstractTransferListenerAdapter - Downloading https://repo.maven.apache.org/maven2/org/springframework/boot/spring-boot-jdbc/4.0.3/spring-boot-jdbc-4.0.3.pom
2026-03-06 23:28:12,201 [Worker-13: Building] INFO  o.e.m.c.i.e.AbstractTransferListenerAdapter - Downloaded https://repo.maven.apache.org/maven2/org/springframework/boot/spring-boot-jdbc/4.0.3/spring-boot-jdbc-4.0.3.pom
2026-03-06 23:28:12,247 [Worker-13: Building] INFO  o.e.m.c.i.e.AbstractTransferListenerAdapter - Downloading https://repo.maven.apache.org/maven2/org/springframework/boot/spring-boot-sql/4.0.3/spring-boot-sql-4.0.3.pom
2026-03-06 23:28:12,251 [Worker-13: Building] INFO  o.e.m.c.i.e.AbstractTransferListenerAdapter - Downloaded https://repo.maven.apache.org/maven2/org/springframework/boot/spring-boot-sql/4.0.3/spring-boot-sql-4.0.3.pom
2026-03-06 23:28:12,303 [Worker-13: Building] INFO  o.e.m.c.i.e.AbstractTransferListenerAdapter - Downloading https://repo.maven.apache.org/maven2/org/springframework/boot/spring-boot-transaction/4.0.3/spring-boot-transaction-4.0.3.pom
2026-03-06 23:28:12,308 [Worker-13: Building] INFO  o.e.m.c.i.e.AbstractTransferListenerAdapter - Downloaded https://repo.maven.apache.org/maven2/org/springframework/boot/spring-boot-transaction/4.0.3/spring-boot-transaction-4.0.3.pom
2026-03-06 23:28:12,357 [Worker-13: Building] INFO  o.e.m.c.i.e.AbstractTransferListenerAdapter - Downloading https://repo.maven.apache.org/maven2/org/springframework/boot/spring-boot-persistence/4.0.3/spring-boot-persistence-4.0.3.pom
2026-03-06 23:28:12,360 [Worker-13: Building] INFO  o.e.m.c.i.e.AbstractTransferListenerAdapter - Downloaded https://repo.maven.apache.org/maven2/org/springframework/boot/spring-boot-persistence/4.0.3/spring-boot-persistence-4.0.3.pom
2026-03-06 23:28:12,406 [Worker-13: Building] INFO  o.e.m.c.i.e.AbstractTransferListenerAdapter - Downloading https://repo.maven.apache.org/maven2/org/springframework/spring-tx/7.0.5/spring-tx-7.0.5.pom
2026-03-06 23:28:12,410 [Worker-13: Building] INFO  o.e.m.c.i.e.AbstractTransferListenerAdapter - Downloaded https://repo.maven.apache.org/maven2/org/springframework/spring-tx/7.0.5/spring-tx-7.0.5.pom
2026-03-06 23:28:12,456 [Worker-13: Building] INFO  o.e.m.c.i.e.AbstractTransferListenerAdapter - Downloading https://repo.maven.apache.org/maven2/org/springframework/spring-jdbc/7.0.5/spring-jdbc-7.0.5.pom
2026-03-06 23:28:12,460 [Worker-13: Building] INFO  o.e.m.c.i.e.AbstractTransferListenerAdapter - Downloaded https://repo.maven.apache.org/maven2/org/springframework/spring-jdbc/7.0.5/spring-jdbc-7.0.5.pom
2026-03-06 23:28:12,508 [Worker-13: Building] INFO  o.e.m.c.i.e.AbstractTransferListenerAdapter - Downloading https://repo.maven.apache.org/maven2/com/zaxxer/HikariCP/7.0.2/HikariCP-7.0.2.pom
2026-03-06 23:28:12,511 [Worker-13: Building] INFO  o.e.m.c.i.e.AbstractTransferListenerAdapter - Downloaded https://repo.maven.apache.org/maven2/com/zaxxer/HikariCP/7.0.2/HikariCP-7.0.2.pom
2026-03-06 23:28:12,560 [Worker-13: Building] INFO  o.e.m.c.i.e.AbstractTransferListenerAdapter - Downloading https://repo.maven.apache.org/maven2/org/springframework/boot/spring-boot-data-jpa/4.0.3/spring-boot-data-jpa-4.0.3.pom
2026-03-06 23:28:12,563 [Worker-13: Building] INFO  o.e.m.c.i.e.AbstractTransferListenerAdapter - Downloaded https://repo.maven.apache.org/maven2/org/springframework/boot/spring-boot-data-jpa/4.0.3/spring-boot-data-jpa-4.0.3.pom
2026-03-06 23:28:12,607 [Worker-13: Building] INFO  o.e.m.c.i.e.AbstractTransferListenerAdapter - Downloading https://repo.maven.apache.org/maven2/org/springframework/boot/spring-boot-data-commons/4.0.3/spring-boot-data-commons-4.0.3.pom
2026-03-06 23:28:12,610 [Worker-13: Building] INFO  o.e.m.c.i.e.AbstractTransferListenerAdapter - Downloaded https://repo.maven.apache.org/maven2/org/springframework/boot/spring-boot-data-commons/4.0.3/spring-boot-data-commons-4.0.3.pom
2026-03-06 23:28:12,656 [Worker-13: Building] INFO  o.e.m.c.i.e.AbstractTransferListenerAdapter - Downloading https://repo.maven.apache.org/maven2/org/springframework/data/spring-data-commons/4.0.3/spring-data-commons-4.0.3.pom
2026-03-06 23:28:12,660 [Worker-13: Building] INFO  o.e.m.c.i.e.AbstractTransferListenerAdapter - Downloaded https://repo.maven.apache.org/maven2/org/springframework/data/spring-data-commons/4.0.3/spring-data-commons-4.0.3.pom
2026-03-06 23:28:12,709 [Worker-13: Building] INFO  o.e.m.c.i.e.AbstractTransferListenerAdapter - Downloading https://repo.maven.apache.org/maven2/org/springframework/data/build/spring-data-parent/4.0.3/spring-data-parent-4.0.3.pom
2026-03-06 23:28:12,712 [Worker-13: Building] INFO  o.e.m.c.i.e.AbstractTransferListenerAdapter - Downloaded https://repo.maven.apache.org/maven2/org/springframework/data/build/spring-data-parent/4.0.3/spring-data-parent-4.0.3.pom
2026-03-06 23:28:12,758 [Worker-13: Building] INFO  o.e.m.c.i.e.AbstractTransferListenerAdapter - Downloading https://repo.maven.apache.org/maven2/org/springframework/data/build/spring-data-build/4.0.3/spring-data-build-4.0.3.pom
2026-03-06 23:28:12,762 [Worker-13: Building] INFO  o.e.m.c.i.e.AbstractTransferListenerAdapter - Downloaded https://repo.maven.apache.org/maven2/org/springframework/data/build/spring-data-build/4.0.3/spring-data-build-4.0.3.pom
2026-03-06 23:28:12,818 [Worker-13: Building] INFO  o.e.m.c.i.e.AbstractTransferListenerAdapter - Downloading https://repo.maven.apache.org/maven2/org/springframework/spring-framework-bom/7.0.3/spring-framework-bom-7.0.3.pom
2026-03-06 23:28:12,822 [Worker-13: Building] INFO  o.e.m.c.i.e.AbstractTransferListenerAdapter - Downloaded https://repo.maven.apache.org/maven2/org/springframework/spring-framework-bom/7.0.3/spring-framework-bom-7.0.3.pom
2026-03-06 23:28:12,874 [Worker-13: Building] INFO  o.e.m.c.i.e.AbstractTransferListenerAdapter - Downloading https://repo.maven.apache.org/maven2/org/jmolecules/jmolecules-bom/2025.0.0/jmolecules-bom-2025.0.0.pom
2026-03-06 23:28:12,879 [Worker-13: Building] INFO  o.e.m.c.i.e.AbstractTransferListenerAdapter - Downloaded https://repo.maven.apache.org/maven2/org/jmolecules/jmolecules-bom/2025.0.0/jmolecules-bom-2025.0.0.pom
2026-03-06 23:28:12,931 [Worker-13: Building] INFO  o.e.m.c.i.e.AbstractTransferListenerAdapter - Downloading https://repo.maven.apache.org/maven2/org/junit/junit-bom/6.0.0/junit-bom-6.0.0.pom
2026-03-06 23:28:12,934 [Worker-13: Building] INFO  o.e.m.c.i.e.AbstractTransferListenerAdapter - Downloaded https://repo.maven.apache.org/maven2/org/junit/junit-bom/6.0.0/junit-bom-6.0.0.pom
2026-03-06 23:28:12,988 [Worker-13: Building] INFO  o.e.m.c.i.e.AbstractTransferListenerAdapter - Downloading https://repo.maven.apache.org/maven2/org/springframework/boot/spring-boot-hibernate/4.0.3/spring-boot-hibernate-4.0.3.pom
2026-03-06 23:28:12,992 [Worker-13: Building] INFO  o.e.m.c.i.e.AbstractTransferListenerAdapter - Downloaded https://repo.maven.apache.org/maven2/org/springframework/boot/spring-boot-hibernate/4.0.3/spring-boot-hibernate-4.0.3.pom
2026-03-06 23:28:13,040 [Worker-13: Building] INFO  o.e.m.c.i.e.AbstractTransferListenerAdapter - Downloading https://repo.maven.apache.org/maven2/org/springframework/boot/spring-boot-jpa/4.0.3/spring-boot-jpa-4.0.3.pom
2026-03-06 23:28:13,044 [Worker-13: Building] INFO  o.e.m.c.i.e.AbstractTransferListenerAdapter - Downloaded https://repo.maven.apache.org/maven2/org/springframework/boot/spring-boot-jpa/4.0.3/spring-boot-jpa-4.0.3.pom
2026-03-06 23:28:13,091 [Worker-13: Building] INFO  o.e.m.c.i.e.AbstractTransferListenerAdapter - Downloading https://repo.maven.apache.org/maven2/jakarta/persistence/jakarta.persistence-api/3.2.0/jakarta.persistence-api-3.2.0.pom
2026-03-06 23:28:13,095 [Worker-13: Building] INFO  o.e.m.c.i.e.AbstractTransferListenerAdapter - Downloaded https://repo.maven.apache.org/maven2/jakarta/persistence/jakarta.persistence-api/3.2.0/jakarta.persistence-api-3.2.0.pom
2026-03-06 23:28:13,143 [Worker-13: Building] INFO  o.e.m.c.i.e.AbstractTransferListenerAdapter - Downloading https://repo.maven.apache.org/maven2/org/springframework/spring-orm/7.0.5/spring-orm-7.0.5.pom
2026-03-06 23:28:13,158 [Worker-13: Building] INFO  o.e.m.c.i.e.AbstractTransferListenerAdapter - Downloaded https://repo.maven.apache.org/maven2/org/springframework/spring-orm/7.0.5/spring-orm-7.0.5.pom
2026-03-06 23:28:13,226 [Worker-13: Building] INFO  o.e.m.c.i.e.AbstractTransferListenerAdapter - Downloading https://repo.maven.apache.org/maven2/org/hibernate/orm/hibernate-core/7.2.4.Final/hibernate-core-7.2.4.Final.pom
2026-03-06 23:28:13,229 [Worker-13: Building] INFO  o.e.m.c.i.e.AbstractTransferListenerAdapter - Downloaded https://repo.maven.apache.org/maven2/org/hibernate/orm/hibernate-core/7.2.4.Final/hibernate-core-7.2.4.Final.pom
2026-03-06 23:28:13,288 [Worker-13: Building] INFO  o.e.m.c.i.e.AbstractTransferListenerAdapter - Downloading https://repo.maven.apache.org/maven2/org/jboss/logging/jboss-logging/3.6.2.Final/jboss-logging-3.6.2.Final.pom
2026-03-06 23:28:13,306 [Worker-13: Building] INFO  o.e.m.c.i.e.AbstractTransferListenerAdapter - Downloaded https://repo.maven.apache.org/maven2/org/jboss/logging/jboss-logging/3.6.2.Final/jboss-logging-3.6.2.Final.pom
2026-03-06 23:28:13,369 [Worker-13: Building] INFO  o.e.m.c.i.e.AbstractTransferListenerAdapter - Downloading https://repo.maven.apache.org/maven2/org/jboss/jboss-parent/51/jboss-parent-51.pom
2026-03-06 23:28:13,377 [Worker-13: Building] INFO  o.e.m.c.i.e.AbstractTransferListenerAdapter - Downloaded https://repo.maven.apache.org/maven2/org/jboss/jboss-parent/51/jboss-parent-51.pom
2026-03-06 23:28:13,463 [Worker-13: Building] INFO  o.e.m.c.i.e.AbstractTransferListenerAdapter - Downloading https://repo.maven.apache.org/maven2/org/junit/junit-bom/5.13.4/junit-bom-5.13.4.pom
2026-03-06 23:28:13,466 [Worker-13: Building] INFO  o.e.m.c.i.e.AbstractTransferListenerAdapter - Downloaded https://repo.maven.apache.org/maven2/org/junit/junit-bom/5.13.4/junit-bom-5.13.4.pom
2026-03-06 23:28:13,518 [Worker-13: Building] INFO  o.e.m.c.i.e.AbstractTransferListenerAdapter - Downloading https://repo.maven.apache.org/maven2/org/hibernate/models/hibernate-models/1.0.1/hibernate-models-1.0.1.pom
2026-03-06 23:28:13,522 [Worker-13: Building] INFO  o.e.m.c.i.e.AbstractTransferListenerAdapter - Downloaded https://repo.maven.apache.org/maven2/org/hibernate/models/hibernate-models/1.0.1/hibernate-models-1.0.1.pom
2026-03-06 23:28:13,600 [Worker-13: Building] INFO  o.e.m.c.i.e.AbstractTransferListenerAdapter - Downloading https://repo.maven.apache.org/maven2/com/fasterxml/classmate/1.7.3/classmate-1.7.3.pom
2026-03-06 23:28:13,604 [Worker-13: Building] INFO  o.e.m.c.i.e.AbstractTransferListenerAdapter - Downloaded https://repo.maven.apache.org/maven2/com/fasterxml/classmate/1.7.3/classmate-1.7.3.pom
2026-03-06 23:28:13,660 [Worker-13: Building] INFO  o.e.m.c.i.e.AbstractTransferListenerAdapter - Downloading https://repo.maven.apache.org/maven2/com/fasterxml/oss-parent/74/oss-parent-74.pom
2026-03-06 23:28:13,663 [Worker-13: Building] INFO  o.e.m.c.i.e.AbstractTransferListenerAdapter - Downloaded https://repo.maven.apache.org/maven2/com/fasterxml/oss-parent/74/oss-parent-74.pom
2026-03-06 23:28:13,735 [Worker-13: Building] INFO  o.e.m.c.i.e.AbstractTransferListenerAdapter - Downloading https://repo.maven.apache.org/maven2/net/bytebuddy/byte-buddy/1.17.8/byte-buddy-1.17.8.pom
2026-03-06 23:28:13,742 [Worker-13: Building] INFO  o.e.m.c.i.e.AbstractTransferListenerAdapter - Downloaded https://repo.maven.apache.org/maven2/net/bytebuddy/byte-buddy/1.17.8/byte-buddy-1.17.8.pom
2026-03-06 23:28:13,810 [Worker-13: Building] INFO  o.e.m.c.i.e.AbstractTransferListenerAdapter - Downloading https://repo.maven.apache.org/maven2/net/bytebuddy/byte-buddy-parent/1.17.8/byte-buddy-parent-1.17.8.pom
2026-03-06 23:28:13,814 [Worker-13: Building] INFO  o.e.m.c.i.e.AbstractTransferListenerAdapter - Downloaded https://repo.maven.apache.org/maven2/net/bytebuddy/byte-buddy-parent/1.17.8/byte-buddy-parent-1.17.8.pom
2026-03-06 23:28:13,866 [Worker-13: Building] INFO  o.e.m.c.i.e.AbstractTransferListenerAdapter - Downloading https://repo.maven.apache.org/maven2/jakarta/xml/bind/jakarta.xml.bind-api/4.0.4/jakarta.xml.bind-api-4.0.4.pom
2026-03-06 23:28:13,871 [Worker-13: Building] INFO  o.e.m.c.i.e.AbstractTransferListenerAdapter - Downloaded https://repo.maven.apache.org/maven2/jakarta/xml/bind/jakarta.xml.bind-api/4.0.4/jakarta.xml.bind-api-4.0.4.pom
2026-03-06 23:28:13,920 [Worker-13: Building] INFO  o.e.m.c.i.e.AbstractTransferListenerAdapter - Downloading https://repo.maven.apache.org/maven2/jakarta/xml/bind/jakarta.xml.bind-api-parent/4.0.4/jakarta.xml.bind-api-parent-4.0.4.pom
2026-03-06 23:28:13,924 [Worker-13: Building] INFO  o.e.m.c.i.e.AbstractTransferListenerAdapter - Downloaded https://repo.maven.apache.org/maven2/jakarta/xml/bind/jakarta.xml.bind-api-parent/4.0.4/jakarta.xml.bind-api-parent-4.0.4.pom
2026-03-06 23:28:13,973 [Worker-13: Building] INFO  o.e.m.c.i.e.AbstractTransferListenerAdapter - Downloading https://repo.maven.apache.org/maven2/jakarta/activation/jakarta.activation-api/2.1.4/jakarta.activation-api-2.1.4.pom
2026-03-06 23:28:13,976 [Worker-13: Building] INFO  o.e.m.c.i.e.AbstractTransferListenerAdapter - Downloaded https://repo.maven.apache.org/maven2/jakarta/activation/jakarta.activation-api/2.1.4/jakarta.activation-api-2.1.4.pom
2026-03-06 23:28:14,030 [Worker-13: Building] INFO  o.e.m.c.i.e.AbstractTransferListenerAdapter - Downloading https://repo.maven.apache.org/maven2/org/glassfish/jaxb/jaxb-runtime/4.0.6/jaxb-runtime-4.0.6.pom
2026-03-06 23:28:14,033 [Worker-13: Building] INFO  o.e.m.c.i.e.AbstractTransferListenerAdapter - Downloaded https://repo.maven.apache.org/maven2/org/glassfish/jaxb/jaxb-runtime/4.0.6/jaxb-runtime-4.0.6.pom
2026-03-06 23:28:14,082 [Worker-13: Building] INFO  o.e.m.c.i.e.AbstractTransferListenerAdapter - Downloading https://repo.maven.apache.org/maven2/com/sun/xml/bind/mvn/jaxb-runtime-parent/4.0.6/jaxb-runtime-parent-4.0.6.pom
2026-03-06 23:28:14,086 [Worker-13: Building] INFO  o.e.m.c.i.e.AbstractTransferListenerAdapter - Downloaded https://repo.maven.apache.org/maven2/com/sun/xml/bind/mvn/jaxb-runtime-parent/4.0.6/jaxb-runtime-parent-4.0.6.pom
2026-03-06 23:28:14,134 [Worker-13: Building] INFO  o.e.m.c.i.e.AbstractTransferListenerAdapter - Downloading https://repo.maven.apache.org/maven2/com/sun/xml/bind/mvn/jaxb-parent/4.0.6/jaxb-parent-4.0.6.pom
2026-03-06 23:28:14,139 [Worker-13: Building] INFO  o.e.m.c.i.e.AbstractTransferListenerAdapter - Downloaded https://repo.maven.apache.org/maven2/com/sun/xml/bind/mvn/jaxb-parent/4.0.6/jaxb-parent-4.0.6.pom
2026-03-06 23:28:14,184 [Worker-13: Building] INFO  o.e.m.c.i.e.AbstractTransferListenerAdapter - Downloading https://repo.maven.apache.org/maven2/com/sun/xml/bind/jaxb-bom-ext/4.0.6/jaxb-bom-ext-4.0.6.pom
2026-03-06 23:28:14,190 [Worker-13: Building] INFO  o.e.m.c.i.e.AbstractTransferListenerAdapter - Downloaded https://repo.maven.apache.org/maven2/com/sun/xml/bind/jaxb-bom-ext/4.0.6/jaxb-bom-ext-4.0.6.pom
2026-03-06 23:28:14,235 [Worker-13: Building] INFO  o.e.m.c.i.e.AbstractTransferListenerAdapter - Downloading https://repo.maven.apache.org/maven2/org/glassfish/jaxb/jaxb-bom/4.0.6/jaxb-bom-4.0.6.pom
2026-03-06 23:28:14,241 [Worker-13: Building] INFO  o.e.m.c.i.e.AbstractTransferListenerAdapter - Downloaded https://repo.maven.apache.org/maven2/org/glassfish/jaxb/jaxb-bom/4.0.6/jaxb-bom-4.0.6.pom
2026-03-06 23:28:14,290 [Worker-13: Building] INFO  o.e.m.c.i.e.AbstractTransferListenerAdapter - Downloading https://repo.maven.apache.org/maven2/org/glassfish/jaxb/jaxb-core/4.0.6/jaxb-core-4.0.6.pom
2026-03-06 23:28:14,294 [Worker-13: Building] INFO  o.e.m.c.i.e.AbstractTransferListenerAdapter - Downloaded https://repo.maven.apache.org/maven2/org/glassfish/jaxb/jaxb-core/4.0.6/jaxb-core-4.0.6.pom
2026-03-06 23:28:14,343 [Worker-13: Building] INFO  o.e.m.c.i.e.AbstractTransferListenerAdapter - Downloading https://repo.maven.apache.org/maven2/org/eclipse/angus/angus-activation/2.0.3/angus-activation-2.0.3.pom
2026-03-06 23:28:14,347 [Worker-13: Building] INFO  o.e.m.c.i.e.AbstractTransferListenerAdapter - Downloaded https://repo.maven.apache.org/maven2/org/eclipse/angus/angus-activation/2.0.3/angus-activation-2.0.3.pom
2026-03-06 23:28:14,397 [Worker-13: Building] INFO  o.e.m.c.i.e.AbstractTransferListenerAdapter - Downloading https://repo.maven.apache.org/maven2/org/eclipse/angus/angus-activation-project/2.0.3/angus-activation-project-2.0.3.pom
2026-03-06 23:28:14,401 [Worker-13: Building] INFO  o.e.m.c.i.e.AbstractTransferListenerAdapter - Downloaded https://repo.maven.apache.org/maven2/org/eclipse/angus/angus-activation-project/2.0.3/angus-activation-project-2.0.3.pom
2026-03-06 23:28:14,448 [Worker-13: Building] INFO  o.e.m.c.i.e.AbstractTransferListenerAdapter - Downloading https://repo.maven.apache.org/maven2/org/glassfish/jaxb/txw2/4.0.6/txw2-4.0.6.pom
2026-03-06 23:28:14,452 [Worker-13: Building] INFO  o.e.m.c.i.e.AbstractTransferListenerAdapter - Downloaded https://repo.maven.apache.org/maven2/org/glassfish/jaxb/txw2/4.0.6/txw2-4.0.6.pom
2026-03-06 23:28:14,494 [Worker-13: Building] INFO  o.e.m.c.i.e.AbstractTransferListenerAdapter - Downloading https://repo.maven.apache.org/maven2/com/sun/xml/bind/mvn/jaxb-txw-parent/4.0.6/jaxb-txw-parent-4.0.6.pom
2026-03-06 23:28:14,498 [Worker-13: Building] INFO  o.e.m.c.i.e.AbstractTransferListenerAdapter - Downloaded https://repo.maven.apache.org/maven2/com/sun/xml/bind/mvn/jaxb-txw-parent/4.0.6/jaxb-txw-parent-4.0.6.pom
2026-03-06 23:28:14,554 [Worker-13: Building] INFO  o.e.m.c.i.e.AbstractTransferListenerAdapter - Downloading https://repo.maven.apache.org/maven2/org/antlr/antlr4-runtime/4.13.2/antlr4-runtime-4.13.2.pom
2026-03-06 23:28:14,559 [Worker-13: Building] INFO  o.e.m.c.i.e.AbstractTransferListenerAdapter - Downloaded https://repo.maven.apache.org/maven2/org/antlr/antlr4-runtime/4.13.2/antlr4-runtime-4.13.2.pom
2026-03-06 23:28:14,610 [Worker-13: Building] INFO  o.e.m.c.i.e.AbstractTransferListenerAdapter - Downloading https://repo.maven.apache.org/maven2/org/antlr/antlr4-master/4.13.2/antlr4-master-4.13.2.pom
2026-03-06 23:28:14,614 [Worker-13: Building] INFO  o.e.m.c.i.e.AbstractTransferListenerAdapter - Downloaded https://repo.maven.apache.org/maven2/org/antlr/antlr4-master/4.13.2/antlr4-master-4.13.2.pom
2026-03-06 23:28:14,666 [Worker-13: Building] INFO  o.e.m.c.i.e.AbstractTransferListenerAdapter - Downloading https://repo.maven.apache.org/maven2/org/springframework/data/spring-data-jpa/4.0.3/spring-data-jpa-4.0.3.pom
2026-03-06 23:28:14,669 [Worker-13: Building] INFO  o.e.m.c.i.e.AbstractTransferListenerAdapter - Downloaded https://repo.maven.apache.org/maven2/org/springframework/data/spring-data-jpa/4.0.3/spring-data-jpa-4.0.3.pom
2026-03-06 23:28:14,716 [Worker-13: Building] INFO  o.e.m.c.i.e.AbstractTransferListenerAdapter - Downloading https://repo.maven.apache.org/maven2/org/springframework/data/spring-data-jpa-parent/4.0.3/spring-data-jpa-parent-4.0.3.pom
2026-03-06 23:28:14,719 [Worker-13: Building] INFO  o.e.m.c.i.e.AbstractTransferListenerAdapter - Downloaded https://repo.maven.apache.org/maven2/org/springframework/data/spring-data-jpa-parent/4.0.3/spring-data-jpa-parent-4.0.3.pom
2026-03-06 23:28:14,766 [Worker-13: Building] INFO  o.e.m.c.i.e.AbstractTransferListenerAdapter - Downloading https://repo.maven.apache.org/maven2/org/springframework/spring-aspects/7.0.5/spring-aspects-7.0.5.pom
2026-03-06 23:28:14,770 [Worker-13: Building] INFO  o.e.m.c.i.e.AbstractTransferListenerAdapter - Downloaded https://repo.maven.apache.org/maven2/org/springframework/spring-aspects/7.0.5/spring-aspects-7.0.5.pom
2026-03-06 23:28:14,816 [Worker-13: Building] INFO  o.e.m.c.i.e.AbstractTransferListenerAdapter - Downloading https://repo.maven.apache.org/maven2/org/aspectj/aspectjweaver/1.9.25.1/aspectjweaver-1.9.25.1.pom
2026-03-06 23:28:14,819 [Worker-13: Building] INFO  o.e.m.c.i.e.AbstractTransferListenerAdapter - Downloaded https://repo.maven.apache.org/maven2/org/aspectj/aspectjweaver/1.9.25.1/aspectjweaver-1.9.25.1.pom
2026-03-06 23:28:14,866 [Worker-13: Building] INFO  o.e.m.c.i.e.AbstractTransferListenerAdapter - Downloading https://repo.maven.apache.org/maven2/org/springframework/boot/spring-boot-starter-security/4.0.3/spring-boot-starter-security-4.0.3.pom
2026-03-06 23:28:14,871 [Worker-13: Building] INFO  o.e.m.c.i.e.AbstractTransferListenerAdapter - Downloaded https://repo.maven.apache.org/maven2/org/springframework/boot/spring-boot-starter-security/4.0.3/spring-boot-starter-security-4.0.3.pom
2026-03-06 23:28:14,925 [Worker-13: Building] INFO  o.e.m.c.i.e.AbstractTransferListenerAdapter - Downloading https://repo.maven.apache.org/maven2/org/springframework/boot/spring-boot-security/4.0.3/spring-boot-security-4.0.3.pom
2026-03-06 23:28:14,929 [Worker-13: Building] INFO  o.e.m.c.i.e.AbstractTransferListenerAdapter - Downloaded https://repo.maven.apache.org/maven2/org/springframework/boot/spring-boot-security/4.0.3/spring-boot-security-4.0.3.pom
2026-03-06 23:28:14,976 [Worker-13: Building] INFO  o.e.m.c.i.e.AbstractTransferListenerAdapter - Downloading https://repo.maven.apache.org/maven2/org/springframework/security/spring-security-config/7.0.3/spring-security-config-7.0.3.pom
2026-03-06 23:28:14,980 [Worker-13: Building] INFO  o.e.m.c.i.e.AbstractTransferListenerAdapter - Downloaded https://repo.maven.apache.org/maven2/org/springframework/security/spring-security-config/7.0.3/spring-security-config-7.0.3.pom
2026-03-06 23:28:15,023 [Worker-13: Building] INFO  o.e.m.c.i.e.AbstractTransferListenerAdapter - Downloading https://repo.maven.apache.org/maven2/org/springframework/security/spring-security-core/7.0.3/spring-security-core-7.0.3.pom
2026-03-06 23:28:15,027 [Worker-13: Building] INFO  o.e.m.c.i.e.AbstractTransferListenerAdapter - Downloaded https://repo.maven.apache.org/maven2/org/springframework/security/spring-security-core/7.0.3/spring-security-core-7.0.3.pom
2026-03-06 23:28:15,068 [Worker-13: Building] INFO  o.e.m.c.i.e.AbstractTransferListenerAdapter - Downloading https://repo.maven.apache.org/maven2/org/springframework/security/spring-security-crypto/7.0.3/spring-security-crypto-7.0.3.pom
2026-03-06 23:28:15,073 [Worker-13: Building] INFO  o.e.m.c.i.e.AbstractTransferListenerAdapter - Downloaded https://repo.maven.apache.org/maven2/org/springframework/security/spring-security-crypto/7.0.3/spring-security-crypto-7.0.3.pom
2026-03-06 23:28:15,122 [Worker-13: Building] INFO  o.e.m.c.i.e.AbstractTransferListenerAdapter - Downloading https://repo.maven.apache.org/maven2/org/springframework/security/spring-security-web/7.0.3/spring-security-web-7.0.3.pom
2026-03-06 23:28:15,125 [Worker-13: Building] INFO  o.e.m.c.i.e.AbstractTransferListenerAdapter - Downloaded https://repo.maven.apache.org/maven2/org/springframework/security/spring-security-web/7.0.3/spring-security-web-7.0.3.pom
2026-03-06 23:28:15,169 [Worker-13: Building] INFO  o.e.m.c.i.e.AbstractTransferListenerAdapter - Downloading https://repo.maven.apache.org/maven2/org/springframework/spring-web/7.0.5/spring-web-7.0.5.pom
2026-03-06 23:28:15,175 [Worker-13: Building] INFO  o.e.m.c.i.e.AbstractTransferListenerAdapter - Downloaded https://repo.maven.apache.org/maven2/org/springframework/spring-web/7.0.5/spring-web-7.0.5.pom
2026-03-06 23:28:15,224 [Worker-13: Building] INFO  o.e.m.c.i.e.AbstractTransferListenerAdapter - Downloading https://repo.maven.apache.org/maven2/org/springframework/boot/spring-boot-starter-validation/4.0.3/spring-boot-starter-validation-4.0.3.pom
2026-03-06 23:28:15,228 [Worker-13: Building] INFO  o.e.m.c.i.e.AbstractTransferListenerAdapter - Downloaded https://repo.maven.apache.org/maven2/org/springframework/boot/spring-boot-starter-validation/4.0.3/spring-boot-starter-validation-4.0.3.pom
2026-03-06 23:28:15,272 [Worker-13: Building] INFO  o.e.m.c.i.e.AbstractTransferListenerAdapter - Downloading https://repo.maven.apache.org/maven2/org/springframework/boot/spring-boot-validation/4.0.3/spring-boot-validation-4.0.3.pom
2026-03-06 23:28:15,275 [Worker-13: Building] INFO  o.e.m.c.i.e.AbstractTransferListenerAdapter - Downloaded https://repo.maven.apache.org/maven2/org/springframework/boot/spring-boot-validation/4.0.3/spring-boot-validation-4.0.3.pom
2026-03-06 23:28:15,325 [Worker-13: Building] INFO  o.e.m.c.i.e.AbstractTransferListenerAdapter - Downloading https://repo.maven.apache.org/maven2/org/apache/tomcat/embed/tomcat-embed-el/11.0.18/tomcat-embed-el-11.0.18.pom
2026-03-06 23:28:15,327 [Worker-13: Building] INFO  o.e.m.c.i.e.AbstractTransferListenerAdapter - Downloaded https://repo.maven.apache.org/maven2/org/apache/tomcat/embed/tomcat-embed-el/11.0.18/tomcat-embed-el-11.0.18.pom
2026-03-06 23:28:15,372 [Worker-13: Building] INFO  o.e.m.c.i.e.AbstractTransferListenerAdapter - Downloading https://repo.maven.apache.org/maven2/org/hibernate/validator/hibernate-validator/9.0.1.Final/hibernate-validator-9.0.1.Final.pom
2026-03-06 23:28:15,375 [Worker-13: Building] INFO  o.e.m.c.i.e.AbstractTransferListenerAdapter - Downloaded https://repo.maven.apache.org/maven2/org/hibernate/validator/hibernate-validator/9.0.1.Final/hibernate-validator-9.0.1.Final.pom
2026-03-06 23:28:15,422 [Worker-13: Building] INFO  o.e.m.c.i.e.AbstractTransferListenerAdapter - Downloading https://repo.maven.apache.org/maven2/jakarta/validation/jakarta.validation-api/3.1.1/jakarta.validation-api-3.1.1.pom
2026-03-06 23:28:15,425 [Worker-13: Building] INFO  o.e.m.c.i.e.AbstractTransferListenerAdapter - Downloaded https://repo.maven.apache.org/maven2/jakarta/validation/jakarta.validation-api/3.1.1/jakarta.validation-api-3.1.1.pom
2026-03-06 23:28:15,470 [Worker-13: Building] INFO  o.e.m.c.i.e.AbstractTransferListenerAdapter - Downloading https://repo.maven.apache.org/maven2/org/springframework/boot/spring-boot-starter-webmvc/4.0.3/spring-boot-starter-webmvc-4.0.3.pom
2026-03-06 23:28:15,474 [Worker-13: Building] INFO  o.e.m.c.i.e.AbstractTransferListenerAdapter - Downloaded https://repo.maven.apache.org/maven2/org/springframework/boot/spring-boot-starter-webmvc/4.0.3/spring-boot-starter-webmvc-4.0.3.pom
2026-03-06 23:28:15,519 [Worker-13: Building] INFO  o.e.m.c.i.e.AbstractTransferListenerAdapter - Downloading https://repo.maven.apache.org/maven2/org/springframework/boot/spring-boot-starter-jackson/4.0.3/spring-boot-starter-jackson-4.0.3.pom
2026-03-06 23:28:15,523 [Worker-13: Building] INFO  o.e.m.c.i.e.AbstractTransferListenerAdapter - Downloaded https://repo.maven.apache.org/maven2/org/springframework/boot/spring-boot-starter-jackson/4.0.3/spring-boot-starter-jackson-4.0.3.pom
2026-03-06 23:28:15,569 [Worker-13: Building] INFO  o.e.m.c.i.e.AbstractTransferListenerAdapter - Downloading https://repo.maven.apache.org/maven2/org/springframework/boot/spring-boot-jackson/4.0.3/spring-boot-jackson-4.0.3.pom
2026-03-06 23:28:15,573 [Worker-13: Building] INFO  o.e.m.c.i.e.AbstractTransferListenerAdapter - Downloaded https://repo.maven.apache.org/maven2/org/springframework/boot/spring-boot-jackson/4.0.3/spring-boot-jackson-4.0.3.pom
2026-03-06 23:28:15,623 [Worker-13: Building] INFO  o.e.m.c.i.e.AbstractTransferListenerAdapter - Downloading https://repo.maven.apache.org/maven2/tools/jackson/core/jackson-databind/3.0.4/jackson-databind-3.0.4.pom
2026-03-06 23:28:15,627 [Worker-13: Building] INFO  o.e.m.c.i.e.AbstractTransferListenerAdapter - Downloaded https://repo.maven.apache.org/maven2/tools/jackson/core/jackson-databind/3.0.4/jackson-databind-3.0.4.pom
2026-03-06 23:28:15,673 [Worker-13: Building] INFO  o.e.m.c.i.e.AbstractTransferListenerAdapter - Downloading https://repo.maven.apache.org/maven2/tools/jackson/jackson-base/3.0.4/jackson-base-3.0.4.pom
2026-03-06 23:28:15,677 [Worker-13: Building] INFO  o.e.m.c.i.e.AbstractTransferListenerAdapter - Downloaded https://repo.maven.apache.org/maven2/tools/jackson/jackson-base/3.0.4/jackson-base-3.0.4.pom
2026-03-06 23:28:15,725 [Worker-13: Building] INFO  o.e.m.c.i.e.AbstractTransferListenerAdapter - Downloading https://repo.maven.apache.org/maven2/com/fasterxml/jackson/core/jackson-annotations/2.20/jackson-annotations-2.20.pom
2026-03-06 23:28:15,729 [Worker-13: Building] INFO  o.e.m.c.i.e.AbstractTransferListenerAdapter - Downloaded https://repo.maven.apache.org/maven2/com/fasterxml/jackson/core/jackson-annotations/2.20/jackson-annotations-2.20.pom
2026-03-06 23:28:15,776 [Worker-13: Building] INFO  o.e.m.c.i.e.AbstractTransferListenerAdapter - Downloading https://repo.maven.apache.org/maven2/tools/jackson/core/jackson-core/3.0.4/jackson-core-3.0.4.pom
2026-03-06 23:28:15,779 [Worker-13: Building] INFO  o.e.m.c.i.e.AbstractTransferListenerAdapter - Downloaded https://repo.maven.apache.org/maven2/tools/jackson/core/jackson-core/3.0.4/jackson-core-3.0.4.pom
2026-03-06 23:28:15,823 [Worker-13: Building] INFO  o.e.m.c.i.e.AbstractTransferListenerAdapter - Downloading https://repo.maven.apache.org/maven2/org/springframework/boot/spring-boot-starter-tomcat/4.0.3/spring-boot-starter-tomcat-4.0.3.pom
2026-03-06 23:28:15,826 [Worker-13: Building] INFO  o.e.m.c.i.e.AbstractTransferListenerAdapter - Downloaded https://repo.maven.apache.org/maven2/org/springframework/boot/spring-boot-starter-tomcat/4.0.3/spring-boot-starter-tomcat-4.0.3.pom
2026-03-06 23:28:15,873 [Worker-13: Building] INFO  o.e.m.c.i.e.AbstractTransferListenerAdapter - Downloading https://repo.maven.apache.org/maven2/org/springframework/boot/spring-boot-starter-tomcat-runtime/4.0.3/spring-boot-starter-tomcat-runtime-4.0.3.pom
2026-03-06 23:28:15,877 [Worker-13: Building] INFO  o.e.m.c.i.e.AbstractTransferListenerAdapter - Downloaded https://repo.maven.apache.org/maven2/org/springframework/boot/spring-boot-starter-tomcat-runtime/4.0.3/spring-boot-starter-tomcat-runtime-4.0.3.pom
2026-03-06 23:28:15,922 [Worker-13: Building] INFO  o.e.m.c.i.e.AbstractTransferListenerAdapter - Downloading https://repo.maven.apache.org/maven2/org/springframework/boot/spring-boot-tomcat/4.0.3/spring-boot-tomcat-4.0.3.pom
2026-03-06 23:28:15,927 [Worker-13: Building] INFO  o.e.m.c.i.e.AbstractTransferListenerAdapter - Downloaded https://repo.maven.apache.org/maven2/org/springframework/boot/spring-boot-tomcat/4.0.3/spring-boot-tomcat-4.0.3.pom
2026-03-06 23:28:15,975 [Worker-13: Building] INFO  o.e.m.c.i.e.AbstractTransferListenerAdapter - Downloading https://repo.maven.apache.org/maven2/org/springframework/boot/spring-boot-web-server/4.0.3/spring-boot-web-server-4.0.3.pom
2026-03-06 23:28:15,979 [Worker-13: Building] INFO  o.e.m.c.i.e.AbstractTransferListenerAdapter - Downloaded https://repo.maven.apache.org/maven2/org/springframework/boot/spring-boot-web-server/4.0.3/spring-boot-web-server-4.0.3.pom
2026-03-06 23:28:16,027 [Worker-13: Building] INFO  o.e.m.c.i.e.AbstractTransferListenerAdapter - Downloading https://repo.maven.apache.org/maven2/org/apache/tomcat/embed/tomcat-embed-core/11.0.18/tomcat-embed-core-11.0.18.pom
2026-03-06 23:28:16,029 [Worker-13: Building] INFO  o.e.m.c.i.e.AbstractTransferListenerAdapter - Downloaded https://repo.maven.apache.org/maven2/org/apache/tomcat/embed/tomcat-embed-core/11.0.18/tomcat-embed-core-11.0.18.pom
2026-03-06 23:28:16,074 [Worker-13: Building] INFO  o.e.m.c.i.e.AbstractTransferListenerAdapter - Downloading https://repo.maven.apache.org/maven2/org/apache/tomcat/embed/tomcat-embed-websocket/11.0.18/tomcat-embed-websocket-11.0.18.pom
2026-03-06 23:28:16,077 [Worker-13: Building] INFO  o.e.m.c.i.e.AbstractTransferListenerAdapter - Downloaded https://repo.maven.apache.org/maven2/org/apache/tomcat/embed/tomcat-embed-websocket/11.0.18/tomcat-embed-websocket-11.0.18.pom
2026-03-06 23:28:16,122 [Worker-13: Building] INFO  o.e.m.c.i.e.AbstractTransferListenerAdapter - Downloading https://repo.maven.apache.org/maven2/org/springframework/boot/spring-boot-http-converter/4.0.3/spring-boot-http-converter-4.0.3.pom
2026-03-06 23:28:16,127 [Worker-13: Building] INFO  o.e.m.c.i.e.AbstractTransferListenerAdapter - Downloaded https://repo.maven.apache.org/maven2/org/springframework/boot/spring-boot-http-converter/4.0.3/spring-boot-http-converter-4.0.3.pom
2026-03-06 23:28:16,172 [Worker-13: Building] INFO  o.e.m.c.i.e.AbstractTransferListenerAdapter - Downloading https://repo.maven.apache.org/maven2/org/springframework/boot/spring-boot-webmvc/4.0.3/spring-boot-webmvc-4.0.3.pom
2026-03-06 23:28:16,175 [Worker-13: Building] INFO  o.e.m.c.i.e.AbstractTransferListenerAdapter - Downloaded https://repo.maven.apache.org/maven2/org/springframework/boot/spring-boot-webmvc/4.0.3/spring-boot-webmvc-4.0.3.pom
2026-03-06 23:28:16,223 [Worker-13: Building] INFO  o.e.m.c.i.e.AbstractTransferListenerAdapter - Downloading https://repo.maven.apache.org/maven2/org/springframework/boot/spring-boot-servlet/4.0.3/spring-boot-servlet-4.0.3.pom
2026-03-06 23:28:16,226 [Worker-13: Building] INFO  o.e.m.c.i.e.AbstractTransferListenerAdapter - Downloaded https://repo.maven.apache.org/maven2/org/springframework/boot/spring-boot-servlet/4.0.3/spring-boot-servlet-4.0.3.pom
2026-03-06 23:28:16,272 [Worker-13: Building] INFO  o.e.m.c.i.e.AbstractTransferListenerAdapter - Downloading https://repo.maven.apache.org/maven2/org/springframework/spring-webmvc/7.0.5/spring-webmvc-7.0.5.pom
2026-03-06 23:28:16,277 [Worker-13: Building] INFO  o.e.m.c.i.e.AbstractTransferListenerAdapter - Downloaded https://repo.maven.apache.org/maven2/org/springframework/spring-webmvc/7.0.5/spring-webmvc-7.0.5.pom
2026-03-06 23:28:16,322 [Worker-13: Building] INFO  o.e.m.c.i.e.AbstractTransferListenerAdapter - Downloading https://repo.maven.apache.org/maven2/com/mysql/mysql-connector-j/9.6.0/mysql-connector-j-9.6.0.pom
2026-03-06 23:28:16,325 [Worker-13: Building] INFO  o.e.m.c.i.e.AbstractTransferListenerAdapter - Downloaded https://repo.maven.apache.org/maven2/com/mysql/mysql-connector-j/9.6.0/mysql-connector-j-9.6.0.pom
2026-03-06 23:28:16,369 [Worker-13: Building] INFO  o.e.m.c.i.e.AbstractTransferListenerAdapter - Downloading https://repo.maven.apache.org/maven2/org/projectlombok/lombok/1.18.42/lombok-1.18.42.pom
2026-03-06 23:28:16,374 [Worker-13: Building] INFO  o.e.m.c.i.e.AbstractTransferListenerAdapter - Downloaded https://repo.maven.apache.org/maven2/org/projectlombok/lombok/1.18.42/lombok-1.18.42.pom
2026-03-06 23:28:16,418 [Worker-13: Building] INFO  o.e.m.c.i.e.AbstractTransferListenerAdapter - Downloading https://repo.maven.apache.org/maven2/org/springframework/boot/spring-boot-starter-data-jpa-test/4.0.3/spring-boot-starter-data-jpa-test-4.0.3.pom
2026-03-06 23:28:16,422 [Worker-13: Building] INFO  o.e.m.c.i.e.AbstractTransferListenerAdapter - Downloaded https://repo.maven.apache.org/maven2/org/springframework/boot/spring-boot-starter-data-jpa-test/4.0.3/spring-boot-starter-data-jpa-test-4.0.3.pom
2026-03-06 23:28:16,471 [Worker-13: Building] INFO  o.e.m.c.i.e.AbstractTransferListenerAdapter - Downloading https://repo.maven.apache.org/maven2/org/springframework/boot/spring-boot-starter-test/4.0.3/spring-boot-starter-test-4.0.3.pom
2026-03-06 23:28:16,477 [Worker-13: Building] INFO  o.e.m.c.i.e.AbstractTransferListenerAdapter - Downloaded https://repo.maven.apache.org/maven2/org/springframework/boot/spring-boot-starter-test/4.0.3/spring-boot-starter-test-4.0.3.pom
2026-03-06 23:28:16,525 [Worker-13: Building] INFO  o.e.m.c.i.e.AbstractTransferListenerAdapter - Downloading https://repo.maven.apache.org/maven2/org/springframework/boot/spring-boot-test/4.0.3/spring-boot-test-4.0.3.pom
2026-03-06 23:28:16,529 [Worker-13: Building] INFO  o.e.m.c.i.e.AbstractTransferListenerAdapter - Downloaded https://repo.maven.apache.org/maven2/org/springframework/boot/spring-boot-test/4.0.3/spring-boot-test-4.0.3.pom
2026-03-06 23:28:16,575 [Worker-13: Building] INFO  o.e.m.c.i.e.AbstractTransferListenerAdapter - Downloading https://repo.maven.apache.org/maven2/org/springframework/spring-test/7.0.5/spring-test-7.0.5.pom
2026-03-06 23:28:16,577 [Worker-13: Building] INFO  o.e.m.c.i.e.AbstractTransferListenerAdapter - Downloaded https://repo.maven.apache.org/maven2/org/springframework/spring-test/7.0.5/spring-test-7.0.5.pom
2026-03-06 23:28:16,622 [Worker-13: Building] INFO  o.e.m.c.i.e.AbstractTransferListenerAdapter - Downloading https://repo.maven.apache.org/maven2/org/springframework/boot/spring-boot-test-autoconfigure/4.0.3/spring-boot-test-autoconfigure-4.0.3.pom
2026-03-06 23:28:16,626 [Worker-13: Building] INFO  o.e.m.c.i.e.AbstractTransferListenerAdapter - Downloaded https://repo.maven.apache.org/maven2/org/springframework/boot/spring-boot-test-autoconfigure/4.0.3/spring-boot-test-autoconfigure-4.0.3.pom
2026-03-06 23:28:16,672 [Worker-13: Building] INFO  o.e.m.c.i.e.AbstractTransferListenerAdapter - Downloading https://repo.maven.apache.org/maven2/com/jayway/jsonpath/json-path/2.10.0/json-path-2.10.0.pom
2026-03-06 23:28:16,675 [Worker-13: Building] INFO  o.e.m.c.i.e.AbstractTransferListenerAdapter - Downloaded https://repo.maven.apache.org/maven2/com/jayway/jsonpath/json-path/2.10.0/json-path-2.10.0.pom
2026-03-06 23:28:16,719 [Worker-13: Building] INFO  o.e.m.c.i.e.AbstractTransferListenerAdapter - Downloading https://repo.maven.apache.org/maven2/net/minidev/json-smart/2.6.0/json-smart-2.6.0.pom
2026-03-06 23:28:16,724 [Worker-13: Building] INFO  o.e.m.c.i.e.AbstractTransferListenerAdapter - Downloaded https://repo.maven.apache.org/maven2/net/minidev/json-smart/2.6.0/json-smart-2.6.0.pom
2026-03-06 23:28:16,770 [Worker-13: Building] INFO  o.e.m.c.i.e.AbstractTransferListenerAdapter - Downloading https://repo.maven.apache.org/maven2/net/minidev/accessors-smart/2.6.0/accessors-smart-2.6.0.pom
2026-03-06 23:28:16,775 [Worker-13: Building] INFO  o.e.m.c.i.e.AbstractTransferListenerAdapter - Downloaded https://repo.maven.apache.org/maven2/net/minidev/accessors-smart/2.6.0/accessors-smart-2.6.0.pom
2026-03-06 23:28:16,824 [Worker-13: Building] INFO  o.e.m.c.i.e.AbstractTransferListenerAdapter - Downloading https://repo.maven.apache.org/maven2/org/assertj/assertj-core/3.27.7/assertj-core-3.27.7.pom
2026-03-06 23:28:16,828 [Worker-13: Building] INFO  o.e.m.c.i.e.AbstractTransferListenerAdapter - Downloaded https://repo.maven.apache.org/maven2/org/assertj/assertj-core/3.27.7/assertj-core-3.27.7.pom
2026-03-06 23:28:16,886 [Worker-13: Building] INFO  o.e.m.c.i.e.AbstractTransferListenerAdapter - Downloading https://repo.maven.apache.org/maven2/org/junit/jupiter/junit-jupiter/6.0.3/junit-jupiter-6.0.3.pom
2026-03-06 23:28:16,890 [Worker-13: Building] INFO  o.e.m.c.i.e.AbstractTransferListenerAdapter - Downloaded https://repo.maven.apache.org/maven2/org/junit/jupiter/junit-jupiter/6.0.3/junit-jupiter-6.0.3.pom
2026-03-06 23:28:16,937 [Worker-13: Building] INFO  o.e.m.c.i.e.AbstractTransferListenerAdapter - Downloading https://repo.maven.apache.org/maven2/org/junit/jupiter/junit-jupiter-api/6.0.3/junit-jupiter-api-6.0.3.pom
2026-03-06 23:28:16,940 [Worker-13: Building] INFO  o.e.m.c.i.e.AbstractTransferListenerAdapter - Downloaded https://repo.maven.apache.org/maven2/org/junit/jupiter/junit-jupiter-api/6.0.3/junit-jupiter-api-6.0.3.pom
2026-03-06 23:28:16,988 [Worker-13: Building] INFO  o.e.m.c.i.e.AbstractTransferListenerAdapter - Downloading https://repo.maven.apache.org/maven2/org/junit/platform/junit-platform-commons/6.0.3/junit-platform-commons-6.0.3.pom
2026-03-06 23:28:16,991 [Worker-13: Building] INFO  o.e.m.c.i.e.AbstractTransferListenerAdapter - Downloaded https://repo.maven.apache.org/maven2/org/junit/platform/junit-platform-commons/6.0.3/junit-platform-commons-6.0.3.pom
2026-03-06 23:28:17,041 [Worker-13: Building] INFO  o.e.m.c.i.e.AbstractTransferListenerAdapter - Downloading https://repo.maven.apache.org/maven2/org/junit/jupiter/junit-jupiter-params/6.0.3/junit-jupiter-params-6.0.3.pom
2026-03-06 23:28:17,046 [Worker-13: Building] INFO  o.e.m.c.i.e.AbstractTransferListenerAdapter - Downloaded https://repo.maven.apache.org/maven2/org/junit/jupiter/junit-jupiter-params/6.0.3/junit-jupiter-params-6.0.3.pom
2026-03-06 23:28:17,090 [Worker-13: Building] INFO  o.e.m.c.i.e.AbstractTransferListenerAdapter - Downloading https://repo.maven.apache.org/maven2/org/junit/jupiter/junit-jupiter-engine/6.0.3/junit-jupiter-engine-6.0.3.pom
2026-03-06 23:28:17,094 [Worker-13: Building] INFO  o.e.m.c.i.e.AbstractTransferListenerAdapter - Downloaded https://repo.maven.apache.org/maven2/org/junit/jupiter/junit-jupiter-engine/6.0.3/junit-jupiter-engine-6.0.3.pom
2026-03-06 23:28:17,141 [Worker-13: Building] INFO  o.e.m.c.i.e.AbstractTransferListenerAdapter - Downloading https://repo.maven.apache.org/maven2/org/junit/platform/junit-platform-engine/6.0.3/junit-platform-engine-6.0.3.pom
2026-03-06 23:28:17,145 [Worker-13: Building] INFO  o.e.m.c.i.e.AbstractTransferListenerAdapter - Downloaded https://repo.maven.apache.org/maven2/org/junit/platform/junit-platform-engine/6.0.3/junit-platform-engine-6.0.3.pom
2026-03-06 23:28:17,194 [Worker-13: Building] INFO  o.e.m.c.i.e.AbstractTransferListenerAdapter - Downloading https://repo.maven.apache.org/maven2/org/mockito/mockito-core/5.20.0/mockito-core-5.20.0.pom
2026-03-06 23:28:17,197 [Worker-13: Building] INFO  o.e.m.c.i.e.AbstractTransferListenerAdapter - Downloaded https://repo.maven.apache.org/maven2/org/mockito/mockito-core/5.20.0/mockito-core-5.20.0.pom
2026-03-06 23:28:17,243 [Worker-13: Building] INFO  o.e.m.c.i.e.AbstractTransferListenerAdapter - Downloading https://repo.maven.apache.org/maven2/net/bytebuddy/byte-buddy-agent/1.17.8/byte-buddy-agent-1.17.8.pom
2026-03-06 23:28:17,245 [Worker-13: Building] INFO  o.e.m.c.i.e.AbstractTransferListenerAdapter - Downloaded https://repo.maven.apache.org/maven2/net/bytebuddy/byte-buddy-agent/1.17.8/byte-buddy-agent-1.17.8.pom
2026-03-06 23:28:17,301 [Worker-13: Building] INFO  o.e.m.c.i.e.AbstractTransferListenerAdapter - Downloading https://repo.maven.apache.org/maven2/org/mockito/mockito-junit-jupiter/5.20.0/mockito-junit-jupiter-5.20.0.pom
2026-03-06 23:28:17,306 [Worker-13: Building] INFO  o.e.m.c.i.e.AbstractTransferListenerAdapter - Downloaded https://repo.maven.apache.org/maven2/org/mockito/mockito-junit-jupiter/5.20.0/mockito-junit-jupiter-5.20.0.pom
2026-03-06 23:28:17,357 [Worker-13: Building] INFO  o.e.m.c.i.e.AbstractTransferListenerAdapter - Downloading https://repo.maven.apache.org/maven2/org/xmlunit/xmlunit-core/2.10.4/xmlunit-core-2.10.4.pom
2026-03-06 23:28:17,360 [Worker-13: Building] INFO  o.e.m.c.i.e.AbstractTransferListenerAdapter - Downloaded https://repo.maven.apache.org/maven2/org/xmlunit/xmlunit-core/2.10.4/xmlunit-core-2.10.4.pom
2026-03-06 23:28:17,404 [Worker-13: Building] INFO  o.e.m.c.i.e.AbstractTransferListenerAdapter - Downloading https://repo.maven.apache.org/maven2/org/xmlunit/xmlunit-parent/2.10.4/xmlunit-parent-2.10.4.pom
2026-03-06 23:28:17,408 [Worker-13: Building] INFO  o.e.m.c.i.e.AbstractTransferListenerAdapter - Downloaded https://repo.maven.apache.org/maven2/org/xmlunit/xmlunit-parent/2.10.4/xmlunit-parent-2.10.4.pom
2026-03-06 23:28:17,456 [Worker-13: Building] INFO  o.e.m.c.i.e.AbstractTransferListenerAdapter - Downloading https://repo.maven.apache.org/maven2/org/springframework/boot/spring-boot-starter-jdbc-test/4.0.3/spring-boot-starter-jdbc-test-4.0.3.pom
2026-03-06 23:28:17,460 [Worker-13: Building] INFO  o.e.m.c.i.e.AbstractTransferListenerAdapter - Downloaded https://repo.maven.apache.org/maven2/org/springframework/boot/spring-boot-starter-jdbc-test/4.0.3/spring-boot-starter-jdbc-test-4.0.3.pom
2026-03-06 23:28:17,508 [Worker-13: Building] INFO  o.e.m.c.i.e.AbstractTransferListenerAdapter - Downloading https://repo.maven.apache.org/maven2/org/springframework/boot/spring-boot-jdbc-test/4.0.3/spring-boot-jdbc-test-4.0.3.pom
2026-03-06 23:28:17,511 [Worker-13: Building] INFO  o.e.m.c.i.e.AbstractTransferListenerAdapter - Downloaded https://repo.maven.apache.org/maven2/org/springframework/boot/spring-boot-jdbc-test/4.0.3/spring-boot-jdbc-test-4.0.3.pom
2026-03-06 23:28:17,557 [Worker-13: Building] INFO  o.e.m.c.i.e.AbstractTransferListenerAdapter - Downloading https://repo.maven.apache.org/maven2/org/springframework/boot/spring-boot-data-jpa-test/4.0.3/spring-boot-data-jpa-test-4.0.3.pom
2026-03-06 23:28:17,562 [Worker-13: Building] INFO  o.e.m.c.i.e.AbstractTransferListenerAdapter - Downloaded https://repo.maven.apache.org/maven2/org/springframework/boot/spring-boot-data-jpa-test/4.0.3/spring-boot-data-jpa-test-4.0.3.pom
2026-03-06 23:28:17,613 [Worker-13: Building] INFO  o.e.m.c.i.e.AbstractTransferListenerAdapter - Downloading https://repo.maven.apache.org/maven2/org/springframework/boot/spring-boot-jpa-test/4.0.3/spring-boot-jpa-test-4.0.3.pom
2026-03-06 23:28:17,618 [Worker-13: Building] INFO  o.e.m.c.i.e.AbstractTransferListenerAdapter - Downloaded https://repo.maven.apache.org/maven2/org/springframework/boot/spring-boot-jpa-test/4.0.3/spring-boot-jpa-test-4.0.3.pom
2026-03-06 23:28:17,667 [Worker-13: Building] INFO  o.e.m.c.i.e.AbstractTransferListenerAdapter - Downloading https://repo.maven.apache.org/maven2/org/springframework/boot/spring-boot-starter-security-test/4.0.3/spring-boot-starter-security-test-4.0.3.pom
2026-03-06 23:28:17,671 [Worker-13: Building] INFO  o.e.m.c.i.e.AbstractTransferListenerAdapter - Downloaded https://repo.maven.apache.org/maven2/org/springframework/boot/spring-boot-starter-security-test/4.0.3/spring-boot-starter-security-test-4.0.3.pom
2026-03-06 23:28:17,719 [Worker-13: Building] INFO  o.e.m.c.i.e.AbstractTransferListenerAdapter - Downloading https://repo.maven.apache.org/maven2/org/springframework/boot/spring-boot-security-test/4.0.3/spring-boot-security-test-4.0.3.pom
2026-03-06 23:28:17,722 [Worker-13: Building] INFO  o.e.m.c.i.e.AbstractTransferListenerAdapter - Downloaded https://repo.maven.apache.org/maven2/org/springframework/boot/spring-boot-security-test/4.0.3/spring-boot-security-test-4.0.3.pom
2026-03-06 23:28:17,769 [Worker-13: Building] INFO  o.e.m.c.i.e.AbstractTransferListenerAdapter - Downloading https://repo.maven.apache.org/maven2/org/springframework/security/spring-security-test/7.0.3/spring-security-test-7.0.3.pom
2026-03-06 23:28:17,773 [Worker-13: Building] INFO  o.e.m.c.i.e.AbstractTransferListenerAdapter - Downloaded https://repo.maven.apache.org/maven2/org/springframework/security/spring-security-test/7.0.3/spring-security-test-7.0.3.pom
2026-03-06 23:28:17,817 [Worker-13: Building] INFO  o.e.m.c.i.e.AbstractTransferListenerAdapter - Downloading https://repo.maven.apache.org/maven2/org/springframework/boot/spring-boot-starter-validation-test/4.0.3/spring-boot-starter-validation-test-4.0.3.pom
2026-03-06 23:28:17,820 [Worker-13: Building] INFO  o.e.m.c.i.e.AbstractTransferListenerAdapter - Downloaded https://repo.maven.apache.org/maven2/org/springframework/boot/spring-boot-starter-validation-test/4.0.3/spring-boot-starter-validation-test-4.0.3.pom
2026-03-06 23:28:17,866 [Worker-13: Building] INFO  o.e.m.c.i.e.AbstractTransferListenerAdapter - Downloading https://repo.maven.apache.org/maven2/org/springframework/boot/spring-boot-starter-webmvc-test/4.0.3/spring-boot-starter-webmvc-test-4.0.3.pom
2026-03-06 23:28:17,868 [Worker-13: Building] INFO  o.e.m.c.i.e.AbstractTransferListenerAdapter - Downloaded https://repo.maven.apache.org/maven2/org/springframework/boot/spring-boot-starter-webmvc-test/4.0.3/spring-boot-starter-webmvc-test-4.0.3.pom
2026-03-06 23:28:17,914 [Worker-13: Building] INFO  o.e.m.c.i.e.AbstractTransferListenerAdapter - Downloading https://repo.maven.apache.org/maven2/org/springframework/boot/spring-boot-starter-jackson-test/4.0.3/spring-boot-starter-jackson-test-4.0.3.pom
2026-03-06 23:28:17,917 [Worker-13: Building] INFO  o.e.m.c.i.e.AbstractTransferListenerAdapter - Downloaded https://repo.maven.apache.org/maven2/org/springframework/boot/spring-boot-starter-jackson-test/4.0.3/spring-boot-starter-jackson-test-4.0.3.pom
2026-03-06 23:28:17,963 [Worker-13: Building] INFO  o.e.m.c.i.e.AbstractTransferListenerAdapter - Downloading https://repo.maven.apache.org/maven2/org/springframework/boot/spring-boot-webmvc-test/4.0.3/spring-boot-webmvc-test-4.0.3.pom
2026-03-06 23:28:17,965 [Worker-13: Building] INFO  o.e.m.c.i.e.AbstractTransferListenerAdapter - Downloaded https://repo.maven.apache.org/maven2/org/springframework/boot/spring-boot-webmvc-test/4.0.3/spring-boot-webmvc-test-4.0.3.pom
2026-03-06 23:28:18,011 [Worker-13: Building] INFO  o.e.m.c.i.e.AbstractTransferListenerAdapter - Downloading https://repo.maven.apache.org/maven2/org/springframework/boot/spring-boot-resttestclient/4.0.3/spring-boot-resttestclient-4.0.3.pom
2026-03-06 23:28:18,015 [Worker-13: Building] INFO  o.e.m.c.i.e.AbstractTransferListenerAdapter - Downloaded https://repo.maven.apache.org/maven2/org/springframework/boot/spring-boot-resttestclient/4.0.3/spring-boot-resttestclient-4.0.3.pom
2026-03-06 23:28:18,061 [Worker-13: Building] INFO  o.e.m.c.i.e.AbstractTransferListenerAdapter - Downloading https://repo.maven.apache.org/maven2/io/jsonwebtoken/jjwt-api/0.11.5/jjwt-api-0.11.5.pom
2026-03-06 23:28:18,064 [Worker-13: Building] INFO  o.e.m.c.i.e.AbstractTransferListenerAdapter - Downloaded https://repo.maven.apache.org/maven2/io/jsonwebtoken/jjwt-api/0.11.5/jjwt-api-0.11.5.pom
2026-03-06 23:28:18,110 [Worker-13: Building] INFO  o.e.m.c.i.e.AbstractTransferListenerAdapter - Downloading https://repo.maven.apache.org/maven2/io/jsonwebtoken/jjwt-root/0.11.5/jjwt-root-0.11.5.pom
2026-03-06 23:28:18,115 [Worker-13: Building] INFO  o.e.m.c.i.e.AbstractTransferListenerAdapter - Downloaded https://repo.maven.apache.org/maven2/io/jsonwebtoken/jjwt-root/0.11.5/jjwt-root-0.11.5.pom
2026-03-06 23:28:18,160 [Worker-13: Building] INFO  o.e.m.c.i.e.AbstractTransferListenerAdapter - Downloading https://repo.maven.apache.org/maven2/io/jsonwebtoken/jjwt-impl/0.11.5/jjwt-impl-0.11.5.pom
2026-03-06 23:28:18,164 [Worker-13: Building] INFO  o.e.m.c.i.e.AbstractTransferListenerAdapter - Downloaded https://repo.maven.apache.org/maven2/io/jsonwebtoken/jjwt-impl/0.11.5/jjwt-impl-0.11.5.pom
2026-03-06 23:28:18,211 [Worker-13: Building] INFO  o.e.m.c.i.e.AbstractTransferListenerAdapter - Downloading https://repo.maven.apache.org/maven2/io/jsonwebtoken/jjwt-jackson/0.11.5/jjwt-jackson-0.11.5.pom
2026-03-06 23:28:18,214 [Worker-13: Building] INFO  o.e.m.c.i.e.AbstractTransferListenerAdapter - Downloaded https://repo.maven.apache.org/maven2/io/jsonwebtoken/jjwt-jackson/0.11.5/jjwt-jackson-0.11.5.pom
2026-03-06 23:28:18,264 [Worker-13: Building] INFO  o.e.m.c.i.e.AbstractTransferListenerAdapter - Downloading https://repo.maven.apache.org/maven2/com/fasterxml/jackson/core/jackson-databind/2.20.2/jackson-databind-2.20.2.pom
2026-03-06 23:28:18,266 [Worker-13: Building] INFO  o.e.m.c.i.e.AbstractTransferListenerAdapter - Downloaded https://repo.maven.apache.org/maven2/com/fasterxml/jackson/core/jackson-databind/2.20.2/jackson-databind-2.20.2.pom
2026-03-06 23:28:18,315 [Worker-13: Building] INFO  o.e.m.c.i.e.AbstractTransferListenerAdapter - Downloading https://repo.maven.apache.org/maven2/com/fasterxml/jackson/jackson-base/2.20.2/jackson-base-2.20.2.pom
2026-03-06 23:28:18,317 [Worker-13: Building] INFO  o.e.m.c.i.e.AbstractTransferListenerAdapter - Downloaded https://repo.maven.apache.org/maven2/com/fasterxml/jackson/jackson-base/2.20.2/jackson-base-2.20.2.pom
2026-03-06 23:28:18,369 [Worker-13: Building] INFO  o.e.m.c.i.e.AbstractTransferListenerAdapter - Downloading https://repo.maven.apache.org/maven2/com/fasterxml/jackson/core/jackson-core/2.20.2/jackson-core-2.20.2.pom
2026-03-06 23:28:18,372 [Worker-13: Building] INFO  o.e.m.c.i.e.AbstractTransferListenerAdapter - Downloaded https://repo.maven.apache.org/maven2/com/fasterxml/jackson/core/jackson-core/2.20.2/jackson-core-2.20.2.pom
2026-03-06 23:28:18,493 [Worker-13: Building] INFO  o.e.m.c.i.e.AbstractTransferListenerAdapter - Downloading https://repo.maven.apache.org/maven2/org/springframework/boot/spring-boot-starter-data-jpa/4.0.3/spring-boot-starter-data-jpa-4.0.3.jar
2026-03-06 23:28:18,497 [Worker-13: Building] INFO  o.e.m.c.i.e.AbstractTransferListenerAdapter - Downloaded https://repo.maven.apache.org/maven2/org/springframework/boot/spring-boot-starter-data-jpa/4.0.3/spring-boot-starter-data-jpa-4.0.3.jar
2026-03-06 23:28:18,536 [BasicRepositoryConnector-repo.maven.apache.org-1-1] INFO  o.e.m.c.i.e.AbstractTransferListenerAdapter - Downloading https://repo.maven.apache.org/maven2/org/springframework/boot/spring-boot-starter-logging/4.0.3/spring-boot-starter-logging-4.0.3.jar
2026-03-06 23:28:18,541 [BasicRepositoryConnector-repo.maven.apache.org-1-1] INFO  o.e.m.c.i.e.AbstractTransferListenerAdapter - Downloaded https://repo.maven.apache.org/maven2/org/springframework/boot/spring-boot-starter-logging/4.0.3/spring-boot-starter-logging-4.0.3.jar
2026-03-06 23:28:18,554 [BasicRepositoryConnector-repo.maven.apache.org-1-4] INFO  o.e.m.c.i.e.AbstractTransferListenerAdapter - Downloading https://repo.maven.apache.org/maven2/org/apache/logging/log4j/log4j-to-slf4j/2.25.3/log4j-to-slf4j-2.25.3.jar
2026-03-06 23:28:18,558 [BasicRepositoryConnector-repo.maven.apache.org-1-4] INFO  o.e.m.c.i.e.AbstractTransferListenerAdapter - Downloaded https://repo.maven.apache.org/maven2/org/apache/logging/log4j/log4j-to-slf4j/2.25.3/log4j-to-slf4j-2.25.3.jar
2026-03-06 23:28:18,582 [BasicRepositoryConnector-repo.maven.apache.org-1-1] INFO  o.e.m.c.i.e.AbstractTransferListenerAdapter - Downloading https://repo.maven.apache.org/maven2/org/apache/logging/log4j/log4j-api/2.25.3/log4j-api-2.25.3.jar
2026-03-06 23:28:18,638 [BasicRepositoryConnector-repo.maven.apache.org-1-4] INFO  o.e.m.c.i.e.AbstractTransferListenerAdapter - Downloading https://repo.maven.apache.org/maven2/org/springframework/boot/spring-boot-autoconfigure/4.0.3/spring-boot-autoconfigure-4.0.3.jar
2026-03-06 23:28:18,667 [BasicRepositoryConnector-repo.maven.apache.org-1-1] INFO  o.e.m.c.i.e.AbstractTransferListenerAdapter - Downloaded https://repo.maven.apache.org/maven2/org/apache/logging/log4j/log4j-api/2.25.3/log4j-api-2.25.3.jar
2026-03-06 23:28:18,691 [BasicRepositoryConnector-repo.maven.apache.org-1-2] INFO  o.e.m.c.i.e.AbstractTransferListenerAdapter - Downloading https://repo.maven.apache.org/maven2/ch/qos/logback/logback-classic/1.5.32/logback-classic-1.5.32.jar
2026-03-06 23:28:18,693 [BasicRepositoryConnector-repo.maven.apache.org-1-0] INFO  o.e.m.c.i.e.AbstractTransferListenerAdapter - Downloading https://repo.maven.apache.org/maven2/org/springframework/boot/spring-boot-starter/4.0.3/spring-boot-starter-4.0.3.jar
2026-03-06 23:28:18,697 [BasicRepositoryConnector-repo.maven.apache.org-1-0] INFO  o.e.m.c.i.e.AbstractTransferListenerAdapter - Downloaded https://repo.maven.apache.org/maven2/org/springframework/boot/spring-boot-starter/4.0.3/spring-boot-starter-4.0.3.jar
2026-03-06 23:28:18,702 [BasicRepositoryConnector-repo.maven.apache.org-1-3] INFO  o.e.m.c.i.e.AbstractTransferListenerAdapter - Downloading https://repo.maven.apache.org/maven2/ch/qos/logback/logback-core/1.5.32/logback-core-1.5.32.jar
2026-03-06 23:28:18,742 [BasicRepositoryConnector-repo.maven.apache.org-1-1] INFO  o.e.m.c.i.e.AbstractTransferListenerAdapter - Downloading https://repo.maven.apache.org/maven2/jakarta/annotation/jakarta.annotation-api/3.0.0/jakarta.annotation-api-3.0.0.jar
2026-03-06 23:28:18,749 [BasicRepositoryConnector-repo.maven.apache.org-1-1] INFO  o.e.m.c.i.e.AbstractTransferListenerAdapter - Downloaded https://repo.maven.apache.org/maven2/jakarta/annotation/jakarta.annotation-api/3.0.0/jakarta.annotation-api-3.0.0.jar
2026-03-06 23:28:18,755 [BasicRepositoryConnector-repo.maven.apache.org-1-4] INFO  o.e.m.c.i.e.AbstractTransferListenerAdapter - Downloaded https://repo.maven.apache.org/maven2/org/springframework/boot/spring-boot-autoconfigure/4.0.3/spring-boot-autoconfigure-4.0.3.jar
2026-03-06 23:28:18,778 [BasicRepositoryConnector-repo.maven.apache.org-1-0] INFO  o.e.m.c.i.e.AbstractTransferListenerAdapter - Downloading https://repo.maven.apache.org/maven2/org/yaml/snakeyaml/2.5/snakeyaml-2.5.jar
2026-03-06 23:28:18,800 [BasicRepositoryConnector-repo.maven.apache.org-1-1] INFO  o.e.m.c.i.e.AbstractTransferListenerAdapter - Downloading https://repo.maven.apache.org/maven2/org/springframework/boot/spring-boot-starter-jdbc/4.0.3/spring-boot-starter-jdbc-4.0.3.jar
2026-03-06 23:28:18,805 [BasicRepositoryConnector-repo.maven.apache.org-1-1] INFO  o.e.m.c.i.e.AbstractTransferListenerAdapter - Downloaded https://repo.maven.apache.org/maven2/org/springframework/boot/spring-boot-starter-jdbc/4.0.3/spring-boot-starter-jdbc-4.0.3.jar
2026-03-06 23:28:18,829 [BasicRepositoryConnector-repo.maven.apache.org-1-4] INFO  o.e.m.c.i.e.AbstractTransferListenerAdapter - Downloading https://repo.maven.apache.org/maven2/com/zaxxer/HikariCP/7.0.2/HikariCP-7.0.2.jar
2026-03-06 23:28:18,912 [BasicRepositoryConnector-repo.maven.apache.org-1-4] INFO  o.e.m.c.i.e.AbstractTransferListenerAdapter - Downloaded https://repo.maven.apache.org/maven2/com/zaxxer/HikariCP/7.0.2/HikariCP-7.0.2.jar
2026-03-06 23:28:18,934 [BasicRepositoryConnector-repo.maven.apache.org-1-2] INFO  o.e.m.c.i.e.AbstractTransferListenerAdapter - Downloaded https://repo.maven.apache.org/maven2/ch/qos/logback/logback-classic/1.5.32/logback-classic-1.5.32.jar
2026-03-06 23:28:18,936 [BasicRepositoryConnector-repo.maven.apache.org-1-1] INFO  o.e.m.c.i.e.AbstractTransferListenerAdapter - Downloading https://repo.maven.apache.org/maven2/org/springframework/boot/spring-boot-data-jpa/4.0.3/spring-boot-data-jpa-4.0.3.jar
2026-03-06 23:28:18,941 [BasicRepositoryConnector-repo.maven.apache.org-1-1] INFO  o.e.m.c.i.e.AbstractTransferListenerAdapter - Downloaded https://repo.maven.apache.org/maven2/org/springframework/boot/spring-boot-data-jpa/4.0.3/spring-boot-data-jpa-4.0.3.jar
2026-03-06 23:28:18,991 [BasicRepositoryConnector-repo.maven.apache.org-1-4] INFO  o.e.m.c.i.e.AbstractTransferListenerAdapter - Downloading https://repo.maven.apache.org/maven2/org/springframework/boot/spring-boot-data-commons/4.0.3/spring-boot-data-commons-4.0.3.jar
2026-03-06 23:28:18,997 [BasicRepositoryConnector-repo.maven.apache.org-1-4] INFO  o.e.m.c.i.e.AbstractTransferListenerAdapter - Downloaded https://repo.maven.apache.org/maven2/org/springframework/boot/spring-boot-data-commons/4.0.3/spring-boot-data-commons-4.0.3.jar
2026-03-06 23:28:19,002 [BasicRepositoryConnector-repo.maven.apache.org-1-1] INFO  o.e.m.c.i.e.AbstractTransferListenerAdapter - Downloading https://repo.maven.apache.org/maven2/org/springframework/data/spring-data-commons/4.0.3/spring-data-commons-4.0.3.jar
2026-03-06 23:28:19,028 [BasicRepositoryConnector-repo.maven.apache.org-1-2] INFO  o.e.m.c.i.e.AbstractTransferListenerAdapter - Downloading https://repo.maven.apache.org/maven2/org/springframework/boot/spring-boot-persistence/4.0.3/spring-boot-persistence-4.0.3.jar
2026-03-06 23:28:19,040 [BasicRepositoryConnector-repo.maven.apache.org-1-2] INFO  o.e.m.c.i.e.AbstractTransferListenerAdapter - Downloaded https://repo.maven.apache.org/maven2/org/springframework/boot/spring-boot-persistence/4.0.3/spring-boot-persistence-4.0.3.jar
2026-03-06 23:28:19,087 [BasicRepositoryConnector-repo.maven.apache.org-1-0] INFO  o.e.m.c.i.e.AbstractTransferListenerAdapter - Downloaded https://repo.maven.apache.org/maven2/org/yaml/snakeyaml/2.5/snakeyaml-2.5.jar
2026-03-06 23:28:19,122 [BasicRepositoryConnector-repo.maven.apache.org-1-4] INFO  o.e.m.c.i.e.AbstractTransferListenerAdapter - Downloading https://repo.maven.apache.org/maven2/org/springframework/boot/spring-boot-hibernate/4.0.3/spring-boot-hibernate-4.0.3.jar
2026-03-06 23:28:19,131 [BasicRepositoryConnector-repo.maven.apache.org-1-4] INFO  o.e.m.c.i.e.AbstractTransferListenerAdapter - Downloaded https://repo.maven.apache.org/maven2/org/springframework/boot/spring-boot-hibernate/4.0.3/spring-boot-hibernate-4.0.3.jar
2026-03-06 23:28:19,163 [BasicRepositoryConnector-repo.maven.apache.org-1-2] INFO  o.e.m.c.i.e.AbstractTransferListenerAdapter - Downloading https://repo.maven.apache.org/maven2/org/springframework/boot/spring-boot-jpa/4.0.3/spring-boot-jpa-4.0.3.jar
2026-03-06 23:28:19,172 [BasicRepositoryConnector-repo.maven.apache.org-1-2] INFO  o.e.m.c.i.e.AbstractTransferListenerAdapter - Downloaded https://repo.maven.apache.org/maven2/org/springframework/boot/spring-boot-jpa/4.0.3/spring-boot-jpa-4.0.3.jar
2026-03-06 23:28:19,195 [BasicRepositoryConnector-repo.maven.apache.org-1-3] INFO  o.e.m.c.i.e.AbstractTransferListenerAdapter - Downloaded https://repo.maven.apache.org/maven2/ch/qos/logback/logback-core/1.5.32/logback-core-1.5.32.jar
2026-03-06 23:28:19,209 [BasicRepositoryConnector-repo.maven.apache.org-1-0] INFO  o.e.m.c.i.e.AbstractTransferListenerAdapter - Downloading https://repo.maven.apache.org/maven2/jakarta/persistence/jakarta.persistence-api/3.2.0/jakarta.persistence-api-3.2.0.jar
2026-03-06 23:28:19,265 [BasicRepositoryConnector-repo.maven.apache.org-1-4] INFO  o.e.m.c.i.e.AbstractTransferListenerAdapter - Downloading https://repo.maven.apache.org/maven2/org/hibernate/orm/hibernate-core/7.2.4.Final/hibernate-core-7.2.4.Final.jar
2026-03-06 23:28:19,348 [BasicRepositoryConnector-repo.maven.apache.org-1-2] INFO  o.e.m.c.i.e.AbstractTransferListenerAdapter - Downloading https://repo.maven.apache.org/maven2/org/hibernate/models/hibernate-models/1.0.1/hibernate-models-1.0.1.jar
2026-03-06 23:28:19,409 [BasicRepositoryConnector-repo.maven.apache.org-1-0] INFO  o.e.m.c.i.e.AbstractTransferListenerAdapter - Downloaded https://repo.maven.apache.org/maven2/jakarta/persistence/jakarta.persistence-api/3.2.0/jakarta.persistence-api-3.2.0.jar
2026-03-06 23:28:19,418 [BasicRepositoryConnector-repo.maven.apache.org-1-3] INFO  o.e.m.c.i.e.AbstractTransferListenerAdapter - Downloading https://repo.maven.apache.org/maven2/org/glassfish/jaxb/jaxb-runtime/4.0.6/jaxb-runtime-4.0.6.jar
2026-03-06 23:28:19,565 [BasicRepositoryConnector-repo.maven.apache.org-1-2] INFO  o.e.m.c.i.e.AbstractTransferListenerAdapter - Downloaded https://repo.maven.apache.org/maven2/org/hibernate/models/hibernate-models/1.0.1/hibernate-models-1.0.1.jar
2026-03-06 23:28:19,607 [BasicRepositoryConnector-repo.maven.apache.org-1-0] INFO  o.e.m.c.i.e.AbstractTransferListenerAdapter - Downloading https://repo.maven.apache.org/maven2/org/glassfish/jaxb/jaxb-core/4.0.6/jaxb-core-4.0.6.jar
2026-03-06 23:28:19,696 [BasicRepositoryConnector-repo.maven.apache.org-1-1] INFO  o.e.m.c.i.e.AbstractTransferListenerAdapter - Downloaded https://repo.maven.apache.org/maven2/org/springframework/data/spring-data-commons/4.0.3/spring-data-commons-4.0.3.jar
2026-03-06 23:28:19,716 [BasicRepositoryConnector-repo.maven.apache.org-1-0] INFO  o.e.m.c.i.e.AbstractTransferListenerAdapter - Downloaded https://repo.maven.apache.org/maven2/org/glassfish/jaxb/jaxb-core/4.0.6/jaxb-core-4.0.6.jar
2026-03-06 23:28:19,729 [BasicRepositoryConnector-repo.maven.apache.org-1-2] INFO  o.e.m.c.i.e.AbstractTransferListenerAdapter - Downloading https://repo.maven.apache.org/maven2/org/eclipse/angus/angus-activation/2.0.3/angus-activation-2.0.3.jar
2026-03-06 23:28:19,736 [BasicRepositoryConnector-repo.maven.apache.org-1-2] INFO  o.e.m.c.i.e.AbstractTransferListenerAdapter - Downloaded https://repo.maven.apache.org/maven2/org/eclipse/angus/angus-activation/2.0.3/angus-activation-2.0.3.jar
2026-03-06 23:28:19,796 [BasicRepositoryConnector-repo.maven.apache.org-1-1] INFO  o.e.m.c.i.e.AbstractTransferListenerAdapter - Downloading https://repo.maven.apache.org/maven2/org/glassfish/jaxb/txw2/4.0.6/txw2-4.0.6.jar
2026-03-06 23:28:19,824 [BasicRepositoryConnector-repo.maven.apache.org-1-1] INFO  o.e.m.c.i.e.AbstractTransferListenerAdapter - Downloaded https://repo.maven.apache.org/maven2/org/glassfish/jaxb/txw2/4.0.6/txw2-4.0.6.jar
2026-03-06 23:28:19,843 [BasicRepositoryConnector-repo.maven.apache.org-1-0] INFO  o.e.m.c.i.e.AbstractTransferListenerAdapter - Downloading https://repo.maven.apache.org/maven2/org/springframework/spring-orm/7.0.5/spring-orm-7.0.5.jar
2026-03-06 23:28:19,852 [BasicRepositoryConnector-repo.maven.apache.org-1-2] INFO  o.e.m.c.i.e.AbstractTransferListenerAdapter - Downloading https://repo.maven.apache.org/maven2/org/springframework/data/spring-data-jpa/4.0.3/spring-data-jpa-4.0.3.jar
2026-03-06 23:28:19,941 [BasicRepositoryConnector-repo.maven.apache.org-1-1] INFO  o.e.m.c.i.e.AbstractTransferListenerAdapter - Downloading https://repo.maven.apache.org/maven2/org/springframework/spring-context/7.0.5/spring-context-7.0.5.jar
2026-03-06 23:28:20,094 [BasicRepositoryConnector-repo.maven.apache.org-1-0] INFO  o.e.m.c.i.e.AbstractTransferListenerAdapter - Downloaded https://repo.maven.apache.org/maven2/org/springframework/spring-orm/7.0.5/spring-orm-7.0.5.jar
2026-03-06 23:28:20,250 [BasicRepositoryConnector-repo.maven.apache.org-1-3] INFO  o.e.m.c.i.e.AbstractTransferListenerAdapter - Downloaded https://repo.maven.apache.org/maven2/org/glassfish/jaxb/jaxb-runtime/4.0.6/jaxb-runtime-4.0.6.jar
2026-03-06 23:28:20,281 [BasicRepositoryConnector-repo.maven.apache.org-1-0] INFO  o.e.m.c.i.e.AbstractTransferListenerAdapter - Downloading https://repo.maven.apache.org/maven2/org/springframework/spring-tx/7.0.5/spring-tx-7.0.5.jar
2026-03-06 23:28:20,399 [BasicRepositoryConnector-repo.maven.apache.org-1-3] INFO  o.e.m.c.i.e.AbstractTransferListenerAdapter - Downloading https://repo.maven.apache.org/maven2/org/antlr/antlr4-runtime/4.13.2/antlr4-runtime-4.13.2.jar
2026-03-06 23:28:20,532 [BasicRepositoryConnector-repo.maven.apache.org-1-0] INFO  o.e.m.c.i.e.AbstractTransferListenerAdapter - Downloaded https://repo.maven.apache.org/maven2/org/springframework/spring-tx/7.0.5/spring-tx-7.0.5.jar
2026-03-06 23:28:20,697 [BasicRepositoryConnector-repo.maven.apache.org-1-3] INFO  o.e.m.c.i.e.AbstractTransferListenerAdapter - Downloaded https://repo.maven.apache.org/maven2/org/antlr/antlr4-runtime/4.13.2/antlr4-runtime-4.13.2.jar
2026-03-06 23:28:20,712 [BasicRepositoryConnector-repo.maven.apache.org-1-0] INFO  o.e.m.c.i.e.AbstractTransferListenerAdapter - Downloading https://repo.maven.apache.org/maven2/org/springframework/spring-aspects/7.0.5/spring-aspects-7.0.5.jar
2026-03-06 23:28:20,757 [BasicRepositoryConnector-repo.maven.apache.org-1-0] INFO  o.e.m.c.i.e.AbstractTransferListenerAdapter - Downloaded https://repo.maven.apache.org/maven2/org/springframework/spring-aspects/7.0.5/spring-aspects-7.0.5.jar
2026-03-06 23:28:20,857 [BasicRepositoryConnector-repo.maven.apache.org-1-3] INFO  o.e.m.c.i.e.AbstractTransferListenerAdapter - Downloading https://repo.maven.apache.org/maven2/org/aspectj/aspectjweaver/1.9.25.1/aspectjweaver-1.9.25.1.jar
2026-03-06 23:28:20,930 [BasicRepositoryConnector-repo.maven.apache.org-1-0] INFO  o.e.m.c.i.e.AbstractTransferListenerAdapter - Downloading https://repo.maven.apache.org/maven2/org/springframework/boot/spring-boot-jdbc/4.0.3/spring-boot-jdbc-4.0.3.jar
2026-03-06 23:28:21,089 [BasicRepositoryConnector-repo.maven.apache.org-1-1] INFO  o.e.m.c.i.e.AbstractTransferListenerAdapter - Downloaded https://repo.maven.apache.org/maven2/org/springframework/spring-context/7.0.5/spring-context-7.0.5.jar
2026-03-06 23:28:21,125 [BasicRepositoryConnector-repo.maven.apache.org-1-0] INFO  o.e.m.c.i.e.AbstractTransferListenerAdapter - Downloaded https://repo.maven.apache.org/maven2/org/springframework/boot/spring-boot-jdbc/4.0.3/spring-boot-jdbc-4.0.3.jar
2026-03-06 23:28:21,216 [BasicRepositoryConnector-repo.maven.apache.org-1-1] INFO  o.e.m.c.i.e.AbstractTransferListenerAdapter - Downloading https://repo.maven.apache.org/maven2/org/springframework/boot/spring-boot/4.0.3/spring-boot-4.0.3.jar
2026-03-06 23:28:21,291 [BasicRepositoryConnector-repo.maven.apache.org-1-0] INFO  o.e.m.c.i.e.AbstractTransferListenerAdapter - Downloading https://repo.maven.apache.org/maven2/org/springframework/boot/spring-boot-sql/4.0.3/spring-boot-sql-4.0.3.jar
2026-03-06 23:28:21,317 [BasicRepositoryConnector-repo.maven.apache.org-1-0] INFO  o.e.m.c.i.e.AbstractTransferListenerAdapter - Downloaded https://repo.maven.apache.org/maven2/org/springframework/boot/spring-boot-sql/4.0.3/spring-boot-sql-4.0.3.jar
2026-03-06 23:28:21,477 [BasicRepositoryConnector-repo.maven.apache.org-1-0] INFO  o.e.m.c.i.e.AbstractTransferListenerAdapter - Downloading https://repo.maven.apache.org/maven2/org/springframework/boot/spring-boot-transaction/4.0.3/spring-boot-transaction-4.0.3.jar
2026-03-06 23:28:21,490 [BasicRepositoryConnector-repo.maven.apache.org-1-0] INFO  o.e.m.c.i.e.AbstractTransferListenerAdapter - Downloaded https://repo.maven.apache.org/maven2/org/springframework/boot/spring-boot-transaction/4.0.3/spring-boot-transaction-4.0.3.jar
2026-03-06 23:28:21,613 [BasicRepositoryConnector-repo.maven.apache.org-1-2] INFO  o.e.m.c.i.e.AbstractTransferListenerAdapter - Downloaded https://repo.maven.apache.org/maven2/org/springframework/data/spring-data-jpa/4.0.3/spring-data-jpa-4.0.3.jar
2026-03-06 23:28:21,637 [BasicRepositoryConnector-repo.maven.apache.org-1-0] INFO  o.e.m.c.i.e.AbstractTransferListenerAdapter - Downloading https://repo.maven.apache.org/maven2/org/springframework/spring-jdbc/7.0.5/spring-jdbc-7.0.5.jar
2026-03-06 23:28:21,731 [BasicRepositoryConnector-repo.maven.apache.org-1-2] INFO  o.e.m.c.i.e.AbstractTransferListenerAdapter - Downloading https://repo.maven.apache.org/maven2/org/springframework/boot/spring-boot-starter-security/4.0.3/spring-boot-starter-security-4.0.3.jar
2026-03-06 23:28:21,734 [BasicRepositoryConnector-repo.maven.apache.org-1-2] INFO  o.e.m.c.i.e.AbstractTransferListenerAdapter - Downloaded https://repo.maven.apache.org/maven2/org/springframework/boot/spring-boot-starter-security/4.0.3/spring-boot-starter-security-4.0.3.jar
2026-03-06 23:28:21,845 [BasicRepositoryConnector-repo.maven.apache.org-1-2] INFO  o.e.m.c.i.e.AbstractTransferListenerAdapter - Downloading https://repo.maven.apache.org/maven2/org/springframework/boot/spring-boot-security/4.0.3/spring-boot-security-4.0.3.jar
2026-03-06 23:28:21,940 [BasicRepositoryConnector-repo.maven.apache.org-1-2] INFO  o.e.m.c.i.e.AbstractTransferListenerAdapter - Downloaded https://repo.maven.apache.org/maven2/org/springframework/boot/spring-boot-security/4.0.3/spring-boot-security-4.0.3.jar
2026-03-06 23:28:22,038 [BasicRepositoryConnector-repo.maven.apache.org-1-0] INFO  o.e.m.c.i.e.AbstractTransferListenerAdapter - Downloaded https://repo.maven.apache.org/maven2/org/springframework/spring-jdbc/7.0.5/spring-jdbc-7.0.5.jar
2026-03-06 23:28:22,070 [BasicRepositoryConnector-repo.maven.apache.org-1-2] INFO  o.e.m.c.i.e.AbstractTransferListenerAdapter - Downloading https://repo.maven.apache.org/maven2/org/springframework/security/spring-security-config/7.0.3/spring-security-config-7.0.3.jar
2026-03-06 23:28:22,175 [BasicRepositoryConnector-repo.maven.apache.org-1-0] INFO  o.e.m.c.i.e.AbstractTransferListenerAdapter - Downloading https://repo.maven.apache.org/maven2/org/springframework/security/spring-security-core/7.0.3/spring-security-core-7.0.3.jar
2026-03-06 23:28:22,774 [BasicRepositoryConnector-repo.maven.apache.org-1-0] INFO  o.e.m.c.i.e.AbstractTransferListenerAdapter - Downloaded https://repo.maven.apache.org/maven2/org/springframework/security/spring-security-core/7.0.3/spring-security-core-7.0.3.jar
2026-03-06 23:28:22,885 [BasicRepositoryConnector-repo.maven.apache.org-1-0] INFO  o.e.m.c.i.e.AbstractTransferListenerAdapter - Downloading https://repo.maven.apache.org/maven2/org/springframework/security/spring-security-crypto/7.0.3/spring-security-crypto-7.0.3.jar
2026-03-06 23:28:22,962 [BasicRepositoryConnector-repo.maven.apache.org-1-0] INFO  o.e.m.c.i.e.AbstractTransferListenerAdapter - Downloaded https://repo.maven.apache.org/maven2/org/springframework/security/spring-security-crypto/7.0.3/spring-security-crypto-7.0.3.jar
2026-03-06 23:28:22,985 [BasicRepositoryConnector-repo.maven.apache.org-1-3] INFO  o.e.m.c.i.e.AbstractTransferListenerAdapter - Downloaded https://repo.maven.apache.org/maven2/org/aspectj/aspectjweaver/1.9.25.1/aspectjweaver-1.9.25.1.jar
2026-03-06 23:28:23,028 [BasicRepositoryConnector-repo.maven.apache.org-1-0] INFO  o.e.m.c.i.e.AbstractTransferListenerAdapter - Downloading https://repo.maven.apache.org/maven2/org/springframework/security/spring-security-web/7.0.3/spring-security-web-7.0.3.jar
2026-03-06 23:28:23,054 [BasicRepositoryConnector-repo.maven.apache.org-1-3] INFO  o.e.m.c.i.e.AbstractTransferListenerAdapter - Downloading https://repo.maven.apache.org/maven2/org/springframework/spring-expression/7.0.5/spring-expression-7.0.5.jar
2026-03-06 23:28:23,320 [BasicRepositoryConnector-repo.maven.apache.org-1-1] INFO  o.e.m.c.i.e.AbstractTransferListenerAdapter - Downloaded https://repo.maven.apache.org/maven2/org/springframework/boot/spring-boot/4.0.3/spring-boot-4.0.3.jar
2026-03-06 23:28:23,354 [BasicRepositoryConnector-repo.maven.apache.org-1-3] INFO  o.e.m.c.i.e.AbstractTransferListenerAdapter - Downloaded https://repo.maven.apache.org/maven2/org/springframework/spring-expression/7.0.5/spring-expression-7.0.5.jar
2026-03-06 23:28:23,411 [BasicRepositoryConnector-repo.maven.apache.org-1-1] INFO  o.e.m.c.i.e.AbstractTransferListenerAdapter - Downloading https://repo.maven.apache.org/maven2/org/springframework/spring-aop/7.0.5/spring-aop-7.0.5.jar
2026-03-06 23:28:23,448 [BasicRepositoryConnector-repo.maven.apache.org-1-3] INFO  o.e.m.c.i.e.AbstractTransferListenerAdapter - Downloading https://repo.maven.apache.org/maven2/org/springframework/spring-beans/7.0.5/spring-beans-7.0.5.jar
2026-03-06 23:28:23,597 [BasicRepositoryConnector-repo.maven.apache.org-1-2] INFO  o.e.m.c.i.e.AbstractTransferListenerAdapter - Downloaded https://repo.maven.apache.org/maven2/org/springframework/security/spring-security-config/7.0.3/spring-security-config-7.0.3.jar
2026-03-06 23:28:23,701 [BasicRepositoryConnector-repo.maven.apache.org-1-2] INFO  o.e.m.c.i.e.AbstractTransferListenerAdapter - Downloading https://repo.maven.apache.org/maven2/org/springframework/spring-core/7.0.5/spring-core-7.0.5.jar
2026-03-06 23:28:23,777 [BasicRepositoryConnector-repo.maven.apache.org-1-0] INFO  o.e.m.c.i.e.AbstractTransferListenerAdapter - Downloaded https://repo.maven.apache.org/maven2/org/springframework/security/spring-security-web/7.0.3/spring-security-web-7.0.3.jar
2026-03-06 23:28:23,889 [BasicRepositoryConnector-repo.maven.apache.org-1-0] INFO  o.e.m.c.i.e.AbstractTransferListenerAdapter - Downloading https://repo.maven.apache.org/maven2/commons-logging/commons-logging/1.3.5/commons-logging-1.3.5.jar
2026-03-06 23:28:23,938 [BasicRepositoryConnector-repo.maven.apache.org-1-0] INFO  o.e.m.c.i.e.AbstractTransferListenerAdapter - Downloaded https://repo.maven.apache.org/maven2/commons-logging/commons-logging/1.3.5/commons-logging-1.3.5.jar
2026-03-06 23:28:24,002 [BasicRepositoryConnector-repo.maven.apache.org-1-1] INFO  o.e.m.c.i.e.AbstractTransferListenerAdapter - Downloaded https://repo.maven.apache.org/maven2/org/springframework/spring-aop/7.0.5/spring-aop-7.0.5.jar
2026-03-06 23:28:24,051 [BasicRepositoryConnector-repo.maven.apache.org-1-0] INFO  o.e.m.c.i.e.AbstractTransferListenerAdapter - Downloading https://repo.maven.apache.org/maven2/org/jspecify/jspecify/1.0.0/jspecify-1.0.0.jar
2026-03-06 23:28:24,055 [BasicRepositoryConnector-repo.maven.apache.org-1-0] INFO  o.e.m.c.i.e.AbstractTransferListenerAdapter - Downloaded https://repo.maven.apache.org/maven2/org/jspecify/jspecify/1.0.0/jspecify-1.0.0.jar
2026-03-06 23:28:24,085 [BasicRepositoryConnector-repo.maven.apache.org-1-1] INFO  o.e.m.c.i.e.AbstractTransferListenerAdapter - Downloading https://repo.maven.apache.org/maven2/org/springframework/boot/spring-boot-starter-validation/4.0.3/spring-boot-starter-validation-4.0.3.jar
2026-03-06 23:28:24,089 [BasicRepositoryConnector-repo.maven.apache.org-1-1] INFO  o.e.m.c.i.e.AbstractTransferListenerAdapter - Downloaded https://repo.maven.apache.org/maven2/org/springframework/boot/spring-boot-starter-validation/4.0.3/spring-boot-starter-validation-4.0.3.jar
2026-03-06 23:28:24,147 [BasicRepositoryConnector-repo.maven.apache.org-1-0] INFO  o.e.m.c.i.e.AbstractTransferListenerAdapter - Downloading https://repo.maven.apache.org/maven2/org/springframework/boot/spring-boot-validation/4.0.3/spring-boot-validation-4.0.3.jar
2026-03-06 23:28:24,153 [BasicRepositoryConnector-repo.maven.apache.org-1-0] INFO  o.e.m.c.i.e.AbstractTransferListenerAdapter - Downloaded https://repo.maven.apache.org/maven2/org/springframework/boot/spring-boot-validation/4.0.3/spring-boot-validation-4.0.3.jar
2026-03-06 23:28:24,173 [BasicRepositoryConnector-repo.maven.apache.org-1-1] INFO  o.e.m.c.i.e.AbstractTransferListenerAdapter - Downloading https://repo.maven.apache.org/maven2/org/apache/tomcat/embed/tomcat-embed-el/11.0.18/tomcat-embed-el-11.0.18.jar
2026-03-06 23:28:24,239 [BasicRepositoryConnector-repo.maven.apache.org-1-0] INFO  o.e.m.c.i.e.AbstractTransferListenerAdapter - Downloading https://repo.maven.apache.org/maven2/org/hibernate/validator/hibernate-validator/9.0.1.Final/hibernate-validator-9.0.1.Final.jar
2026-03-06 23:28:24,258 [BasicRepositoryConnector-repo.maven.apache.org-1-3] INFO  o.e.m.c.i.e.AbstractTransferListenerAdapter - Downloaded https://repo.maven.apache.org/maven2/org/springframework/spring-beans/7.0.5/spring-beans-7.0.5.jar
2026-03-06 23:28:24,352 [BasicRepositoryConnector-repo.maven.apache.org-1-3] INFO  o.e.m.c.i.e.AbstractTransferListenerAdapter - Downloading https://repo.maven.apache.org/maven2/jakarta/validation/jakarta.validation-api/3.1.1/jakarta.validation-api-3.1.1.jar
2026-03-06 23:28:24,448 [BasicRepositoryConnector-repo.maven.apache.org-1-3] INFO  o.e.m.c.i.e.AbstractTransferListenerAdapter - Downloaded https://repo.maven.apache.org/maven2/jakarta/validation/jakarta.validation-api/3.1.1/jakarta.validation-api-3.1.1.jar
2026-03-06 23:28:24,526 [BasicRepositoryConnector-repo.maven.apache.org-1-1] INFO  o.e.m.c.i.e.AbstractTransferListenerAdapter - Downloaded https://repo.maven.apache.org/maven2/org/apache/tomcat/embed/tomcat-embed-el/11.0.18/tomcat-embed-el-11.0.18.jar
2026-03-06 23:28:24,565 [BasicRepositoryConnector-repo.maven.apache.org-1-3] INFO  o.e.m.c.i.e.AbstractTransferListenerAdapter - Downloading https://repo.maven.apache.org/maven2/org/jboss/logging/jboss-logging/3.6.2.Final/jboss-logging-3.6.2.Final.jar
2026-03-06 23:28:24,614 [BasicRepositoryConnector-repo.maven.apache.org-1-3] INFO  o.e.m.c.i.e.AbstractTransferListenerAdapter - Downloaded https://repo.maven.apache.org/maven2/org/jboss/logging/jboss-logging/3.6.2.Final/jboss-logging-3.6.2.Final.jar
2026-03-06 23:28:24,642 [BasicRepositoryConnector-repo.maven.apache.org-1-1] INFO  o.e.m.c.i.e.AbstractTransferListenerAdapter - Downloading https://repo.maven.apache.org/maven2/com/fasterxml/classmate/1.7.3/classmate-1.7.3.jar
2026-03-06 23:28:24,732 [BasicRepositoryConnector-repo.maven.apache.org-1-1] INFO  o.e.m.c.i.e.AbstractTransferListenerAdapter - Downloaded https://repo.maven.apache.org/maven2/com/fasterxml/classmate/1.7.3/classmate-1.7.3.jar
2026-03-06 23:28:24,737 [BasicRepositoryConnector-repo.maven.apache.org-1-3] INFO  o.e.m.c.i.e.AbstractTransferListenerAdapter - Downloading https://repo.maven.apache.org/maven2/org/springframework/boot/spring-boot-starter-webmvc/4.0.3/spring-boot-starter-webmvc-4.0.3.jar
2026-03-06 23:28:24,741 [BasicRepositoryConnector-repo.maven.apache.org-1-3] INFO  o.e.m.c.i.e.AbstractTransferListenerAdapter - Downloaded https://repo.maven.apache.org/maven2/org/springframework/boot/spring-boot-starter-webmvc/4.0.3/spring-boot-starter-webmvc-4.0.3.jar
2026-03-06 23:28:24,825 [BasicRepositoryConnector-repo.maven.apache.org-1-1] INFO  o.e.m.c.i.e.AbstractTransferListenerAdapter - Downloading https://repo.maven.apache.org/maven2/org/springframework/boot/spring-boot-starter-jackson/4.0.3/spring-boot-starter-jackson-4.0.3.jar
2026-03-06 23:28:24,829 [BasicRepositoryConnector-repo.maven.apache.org-1-1] INFO  o.e.m.c.i.e.AbstractTransferListenerAdapter - Downloaded https://repo.maven.apache.org/maven2/org/springframework/boot/spring-boot-starter-jackson/4.0.3/spring-boot-starter-jackson-4.0.3.jar
2026-03-06 23:28:24,853 [BasicRepositoryConnector-repo.maven.apache.org-1-3] INFO  o.e.m.c.i.e.AbstractTransferListenerAdapter - Downloading https://repo.maven.apache.org/maven2/org/springframework/boot/spring-boot-jackson/4.0.3/spring-boot-jackson-4.0.3.jar
2026-03-06 23:28:24,910 [BasicRepositoryConnector-repo.maven.apache.org-1-3] INFO  o.e.m.c.i.e.AbstractTransferListenerAdapter - Downloaded https://repo.maven.apache.org/maven2/org/springframework/boot/spring-boot-jackson/4.0.3/spring-boot-jackson-4.0.3.jar
2026-03-06 23:28:24,929 [BasicRepositoryConnector-repo.maven.apache.org-1-1] INFO  o.e.m.c.i.e.AbstractTransferListenerAdapter - Downloading https://repo.maven.apache.org/maven2/tools/jackson/core/jackson-databind/3.0.4/jackson-databind-3.0.4.jar
2026-03-06 23:28:24,958 [BasicRepositoryConnector-repo.maven.apache.org-1-2] INFO  o.e.m.c.i.e.AbstractTransferListenerAdapter - Downloaded https://repo.maven.apache.org/maven2/org/springframework/spring-core/7.0.5/spring-core-7.0.5.jar
2026-03-06 23:28:25,008 [BasicRepositoryConnector-repo.maven.apache.org-1-3] INFO  o.e.m.c.i.e.AbstractTransferListenerAdapter - Downloading https://repo.maven.apache.org/maven2/tools/jackson/core/jackson-core/3.0.4/jackson-core-3.0.4.jar
2026-03-06 23:28:25,047 [BasicRepositoryConnector-repo.maven.apache.org-1-2] INFO  o.e.m.c.i.e.AbstractTransferListenerAdapter - Downloading https://repo.maven.apache.org/maven2/org/springframework/boot/spring-boot-starter-tomcat/4.0.3/spring-boot-starter-tomcat-4.0.3.jar
2026-03-06 23:28:25,050 [BasicRepositoryConnector-repo.maven.apache.org-1-2] INFO  o.e.m.c.i.e.AbstractTransferListenerAdapter - Downloaded https://repo.maven.apache.org/maven2/org/springframework/boot/spring-boot-starter-tomcat/4.0.3/spring-boot-starter-tomcat-4.0.3.jar
2026-03-06 23:28:25,140 [BasicRepositoryConnector-repo.maven.apache.org-1-2] INFO  o.e.m.c.i.e.AbstractTransferListenerAdapter - Downloading https://repo.maven.apache.org/maven2/org/springframework/boot/spring-boot-starter-tomcat-runtime/4.0.3/spring-boot-starter-tomcat-runtime-4.0.3.jar
2026-03-06 23:28:25,144 [BasicRepositoryConnector-repo.maven.apache.org-1-2] INFO  o.e.m.c.i.e.AbstractTransferListenerAdapter - Downloaded https://repo.maven.apache.org/maven2/org/springframework/boot/spring-boot-starter-tomcat-runtime/4.0.3/spring-boot-starter-tomcat-runtime-4.0.3.jar
2026-03-06 23:28:25,243 [BasicRepositoryConnector-repo.maven.apache.org-1-2] INFO  o.e.m.c.i.e.AbstractTransferListenerAdapter - Downloading https://repo.maven.apache.org/maven2/org/apache/tomcat/embed/tomcat-embed-core/11.0.18/tomcat-embed-core-11.0.18.jar
2026-03-06 23:28:25,292 [BasicRepositoryConnector-repo.maven.apache.org-1-0] INFO  o.e.m.c.i.e.AbstractTransferListenerAdapter - Downloaded https://repo.maven.apache.org/maven2/org/hibernate/validator/hibernate-validator/9.0.1.Final/hibernate-validator-9.0.1.Final.jar
2026-03-06 23:28:25,408 [BasicRepositoryConnector-repo.maven.apache.org-1-0] INFO  o.e.m.c.i.e.AbstractTransferListenerAdapter - Downloading https://repo.maven.apache.org/maven2/org/apache/tomcat/embed/tomcat-embed-websocket/11.0.18/tomcat-embed-websocket-11.0.18.jar
2026-03-06 23:28:25,523 [BasicRepositoryConnector-repo.maven.apache.org-1-3] INFO  o.e.m.c.i.e.AbstractTransferListenerAdapter - Downloaded https://repo.maven.apache.org/maven2/tools/jackson/core/jackson-core/3.0.4/jackson-core-3.0.4.jar
2026-03-06 23:28:25,635 [BasicRepositoryConnector-repo.maven.apache.org-1-0] INFO  o.e.m.c.i.e.AbstractTransferListenerAdapter - Downloaded https://repo.maven.apache.org/maven2/org/apache/tomcat/embed/tomcat-embed-websocket/11.0.18/tomcat-embed-websocket-11.0.18.jar
2026-03-06 23:28:25,647 [BasicRepositoryConnector-repo.maven.apache.org-1-3] INFO  o.e.m.c.i.e.AbstractTransferListenerAdapter - Downloading https://repo.maven.apache.org/maven2/org/springframework/boot/spring-boot-tomcat/4.0.3/spring-boot-tomcat-4.0.3.jar
2026-03-06 23:28:25,741 [BasicRepositoryConnector-repo.maven.apache.org-1-3] INFO  o.e.m.c.i.e.AbstractTransferListenerAdapter - Downloaded https://repo.maven.apache.org/maven2/org/springframework/boot/spring-boot-tomcat/4.0.3/spring-boot-tomcat-4.0.3.jar
2026-03-06 23:28:25,756 [BasicRepositoryConnector-repo.maven.apache.org-1-0] INFO  o.e.m.c.i.e.AbstractTransferListenerAdapter - Downloading https://repo.maven.apache.org/maven2/org/springframework/boot/spring-boot-http-converter/4.0.3/spring-boot-http-converter-4.0.3.jar
2026-03-06 23:28:25,792 [BasicRepositoryConnector-repo.maven.apache.org-1-0] INFO  o.e.m.c.i.e.AbstractTransferListenerAdapter - Downloaded https://repo.maven.apache.org/maven2/org/springframework/boot/spring-boot-http-converter/4.0.3/spring-boot-http-converter-4.0.3.jar
2026-03-06 23:28:25,847 [BasicRepositoryConnector-repo.maven.apache.org-1-3] INFO  o.e.m.c.i.e.AbstractTransferListenerAdapter - Downloading https://repo.maven.apache.org/maven2/org/springframework/spring-web/7.0.5/spring-web-7.0.5.jar
2026-03-06 23:28:25,907 [BasicRepositoryConnector-repo.maven.apache.org-1-0] INFO  o.e.m.c.i.e.AbstractTransferListenerAdapter - Downloading https://repo.maven.apache.org/maven2/io/micrometer/micrometer-observation/1.16.3/micrometer-observation-1.16.3.jar
2026-03-06 23:28:25,977 [BasicRepositoryConnector-repo.maven.apache.org-1-0] INFO  o.e.m.c.i.e.AbstractTransferListenerAdapter - Downloaded https://repo.maven.apache.org/maven2/io/micrometer/micrometer-observation/1.16.3/micrometer-observation-1.16.3.jar
2026-03-06 23:28:26,103 [BasicRepositoryConnector-repo.maven.apache.org-1-0] INFO  o.e.m.c.i.e.AbstractTransferListenerAdapter - Downloading https://repo.maven.apache.org/maven2/io/micrometer/micrometer-commons/1.16.3/micrometer-commons-1.16.3.jar
2026-03-06 23:28:26,146 [BasicRepositoryConnector-repo.maven.apache.org-1-0] INFO  o.e.m.c.i.e.AbstractTransferListenerAdapter - Downloaded https://repo.maven.apache.org/maven2/io/micrometer/micrometer-commons/1.16.3/micrometer-commons-1.16.3.jar
2026-03-06 23:28:26,285 [BasicRepositoryConnector-repo.maven.apache.org-1-0] INFO  o.e.m.c.i.e.AbstractTransferListenerAdapter - Downloading https://repo.maven.apache.org/maven2/org/springframework/boot/spring-boot-webmvc/4.0.3/spring-boot-webmvc-4.0.3.jar
2026-03-06 23:28:26,448 [BasicRepositoryConnector-repo.maven.apache.org-1-0] INFO  o.e.m.c.i.e.AbstractTransferListenerAdapter - Downloaded https://repo.maven.apache.org/maven2/org/springframework/boot/spring-boot-webmvc/4.0.3/spring-boot-webmvc-4.0.3.jar
2026-03-06 23:28:26,572 [BasicRepositoryConnector-repo.maven.apache.org-1-0] INFO  o.e.m.c.i.e.AbstractTransferListenerAdapter - Downloading https://repo.maven.apache.org/maven2/org/springframework/boot/spring-boot-servlet/4.0.3/spring-boot-servlet-4.0.3.jar
2026-03-06 23:28:26,604 [BasicRepositoryConnector-repo.maven.apache.org-1-0] INFO  o.e.m.c.i.e.AbstractTransferListenerAdapter - Downloaded https://repo.maven.apache.org/maven2/org/springframework/boot/spring-boot-servlet/4.0.3/spring-boot-servlet-4.0.3.jar
2026-03-06 23:28:26,721 [BasicRepositoryConnector-repo.maven.apache.org-1-0] INFO  o.e.m.c.i.e.AbstractTransferListenerAdapter - Downloading https://repo.maven.apache.org/maven2/org/springframework/spring-webmvc/7.0.5/spring-webmvc-7.0.5.jar
2026-03-06 23:28:26,812 [BasicRepositoryConnector-repo.maven.apache.org-1-4] INFO  o.e.m.c.i.e.AbstractTransferListenerAdapter - Downloaded https://repo.maven.apache.org/maven2/org/hibernate/orm/hibernate-core/7.2.4.Final/hibernate-core-7.2.4.Final.jar
2026-03-06 23:28:26,905 [BasicRepositoryConnector-repo.maven.apache.org-1-4] INFO  o.e.m.c.i.e.AbstractTransferListenerAdapter - Downloading https://repo.maven.apache.org/maven2/com/mysql/mysql-connector-j/9.6.0/mysql-connector-j-9.6.0.jar
2026-03-06 23:28:27,380 [BasicRepositoryConnector-repo.maven.apache.org-1-1] INFO  o.e.m.c.i.e.AbstractTransferListenerAdapter - Downloaded https://repo.maven.apache.org/maven2/tools/jackson/core/jackson-databind/3.0.4/jackson-databind-3.0.4.jar
2026-03-06 23:28:27,502 [BasicRepositoryConnector-repo.maven.apache.org-1-1] INFO  o.e.m.c.i.e.AbstractTransferListenerAdapter - Downloading https://repo.maven.apache.org/maven2/org/projectlombok/lombok/1.18.42/lombok-1.18.42.jar
2026-03-06 23:28:27,675 [BasicRepositoryConnector-repo.maven.apache.org-1-0] INFO  o.e.m.c.i.e.AbstractTransferListenerAdapter - Downloaded https://repo.maven.apache.org/maven2/org/springframework/spring-webmvc/7.0.5/spring-webmvc-7.0.5.jar
2026-03-06 23:28:27,742 [BasicRepositoryConnector-repo.maven.apache.org-1-2] INFO  o.e.m.c.i.e.AbstractTransferListenerAdapter - Downloaded https://repo.maven.apache.org/maven2/org/apache/tomcat/embed/tomcat-embed-core/11.0.18/tomcat-embed-core-11.0.18.jar
2026-03-06 23:28:27,771 [BasicRepositoryConnector-repo.maven.apache.org-1-0] INFO  o.e.m.c.i.e.AbstractTransferListenerAdapter - Downloading https://repo.maven.apache.org/maven2/org/springframework/boot/spring-boot-starter-data-jpa-test/4.0.3/spring-boot-starter-data-jpa-test-4.0.3.jar
2026-03-06 23:28:27,775 [BasicRepositoryConnector-repo.maven.apache.org-1-0] INFO  o.e.m.c.i.e.AbstractTransferListenerAdapter - Downloaded https://repo.maven.apache.org/maven2/org/springframework/boot/spring-boot-starter-data-jpa-test/4.0.3/spring-boot-starter-data-jpa-test-4.0.3.jar
2026-03-06 23:28:27,810 [BasicRepositoryConnector-repo.maven.apache.org-1-2] INFO  o.e.m.c.i.e.AbstractTransferListenerAdapter - Downloading https://repo.maven.apache.org/maven2/org/springframework/boot/spring-boot-starter-test/4.0.3/spring-boot-starter-test-4.0.3.jar
2026-03-06 23:28:27,813 [BasicRepositoryConnector-repo.maven.apache.org-1-2] INFO  o.e.m.c.i.e.AbstractTransferListenerAdapter - Downloaded https://repo.maven.apache.org/maven2/org/springframework/boot/spring-boot-starter-test/4.0.3/spring-boot-starter-test-4.0.3.jar
2026-03-06 23:28:27,845 [BasicRepositoryConnector-repo.maven.apache.org-1-0] INFO  o.e.m.c.i.e.AbstractTransferListenerAdapter - Downloading https://repo.maven.apache.org/maven2/org/springframework/boot/spring-boot-test/4.0.3/spring-boot-test-4.0.3.jar
2026-03-06 23:28:27,851 [BasicRepositoryConnector-repo.maven.apache.org-1-3] INFO  o.e.m.c.i.e.AbstractTransferListenerAdapter - Downloaded https://repo.maven.apache.org/maven2/org/springframework/spring-web/7.0.5/spring-web-7.0.5.jar
2026-03-06 23:28:27,868 [BasicRepositoryConnector-repo.maven.apache.org-1-2] INFO  o.e.m.c.i.e.AbstractTransferListenerAdapter - Downloading https://repo.maven.apache.org/maven2/org/springframework/boot/spring-boot-test-autoconfigure/4.0.3/spring-boot-test-autoconfigure-4.0.3.jar
2026-03-06 23:28:27,886 [BasicRepositoryConnector-repo.maven.apache.org-1-2] INFO  o.e.m.c.i.e.AbstractTransferListenerAdapter - Downloaded https://repo.maven.apache.org/maven2/org/springframework/boot/spring-boot-test-autoconfigure/4.0.3/spring-boot-test-autoconfigure-4.0.3.jar
2026-03-06 23:28:27,921 [BasicRepositoryConnector-repo.maven.apache.org-1-3] INFO  o.e.m.c.i.e.AbstractTransferListenerAdapter - Downloading https://repo.maven.apache.org/maven2/com/jayway/jsonpath/json-path/2.10.0/json-path-2.10.0.jar
2026-03-06 23:28:27,956 [BasicRepositoryConnector-repo.maven.apache.org-1-2] INFO  o.e.m.c.i.e.AbstractTransferListenerAdapter - Downloading https://repo.maven.apache.org/maven2/jakarta/xml/bind/jakarta.xml.bind-api/4.0.4/jakarta.xml.bind-api-4.0.4.jar
2026-03-06 23:28:28,010 [BasicRepositoryConnector-repo.maven.apache.org-1-0] INFO  o.e.m.c.i.e.AbstractTransferListenerAdapter - Downloaded https://repo.maven.apache.org/maven2/org/springframework/boot/spring-boot-test/4.0.3/spring-boot-test-4.0.3.jar
2026-03-06 23:28:28,043 [BasicRepositoryConnector-repo.maven.apache.org-1-2] INFO  o.e.m.c.i.e.AbstractTransferListenerAdapter - Downloaded https://repo.maven.apache.org/maven2/jakarta/xml/bind/jakarta.xml.bind-api/4.0.4/jakarta.xml.bind-api-4.0.4.jar
2026-03-06 23:28:28,087 [BasicRepositoryConnector-repo.maven.apache.org-1-0] INFO  o.e.m.c.i.e.AbstractTransferListenerAdapter - Downloading https://repo.maven.apache.org/maven2/jakarta/activation/jakarta.activation-api/2.1.4/jakarta.activation-api-2.1.4.jar
2026-03-06 23:28:28,122 [BasicRepositoryConnector-repo.maven.apache.org-1-2] INFO  o.e.m.c.i.e.AbstractTransferListenerAdapter - Downloading https://repo.maven.apache.org/maven2/net/minidev/json-smart/2.6.0/json-smart-2.6.0.jar
2026-03-06 23:28:28,142 [BasicRepositoryConnector-repo.maven.apache.org-1-0] INFO  o.e.m.c.i.e.AbstractTransferListenerAdapter - Downloaded https://repo.maven.apache.org/maven2/jakarta/activation/jakarta.activation-api/2.1.4/jakarta.activation-api-2.1.4.jar
2026-03-06 23:28:28,188 [BasicRepositoryConnector-repo.maven.apache.org-1-3] INFO  o.e.m.c.i.e.AbstractTransferListenerAdapter - Downloaded https://repo.maven.apache.org/maven2/com/jayway/jsonpath/json-path/2.10.0/json-path-2.10.0.jar
2026-03-06 23:28:28,205 [BasicRepositoryConnector-repo.maven.apache.org-1-2] INFO  o.e.m.c.i.e.AbstractTransferListenerAdapter - Downloaded https://repo.maven.apache.org/maven2/net/minidev/json-smart/2.6.0/json-smart-2.6.0.jar
2026-03-06 23:28:28,220 [BasicRepositoryConnector-repo.maven.apache.org-1-0] INFO  o.e.m.c.i.e.AbstractTransferListenerAdapter - Downloading https://repo.maven.apache.org/maven2/net/minidev/accessors-smart/2.6.0/accessors-smart-2.6.0.jar
2026-03-06 23:28:28,240 [BasicRepositoryConnector-repo.maven.apache.org-1-0] INFO  o.e.m.c.i.e.AbstractTransferListenerAdapter - Downloaded https://repo.maven.apache.org/maven2/net/minidev/accessors-smart/2.6.0/accessors-smart-2.6.0.jar
2026-03-06 23:28:28,258 [BasicRepositoryConnector-repo.maven.apache.org-1-3] INFO  o.e.m.c.i.e.AbstractTransferListenerAdapter - Downloading https://repo.maven.apache.org/maven2/org/assertj/assertj-core/3.27.7/assertj-core-3.27.7.jar
2026-03-06 23:28:28,269 [BasicRepositoryConnector-repo.maven.apache.org-1-2] INFO  o.e.m.c.i.e.AbstractTransferListenerAdapter - Downloading https://repo.maven.apache.org/maven2/net/bytebuddy/byte-buddy/1.17.8/byte-buddy-1.17.8.jar
2026-03-06 23:28:28,321 [BasicRepositoryConnector-repo.maven.apache.org-1-0] INFO  o.e.m.c.i.e.AbstractTransferListenerAdapter - Downloading https://repo.maven.apache.org/maven2/org/junit/jupiter/junit-jupiter/6.0.3/junit-jupiter-6.0.3.jar
2026-03-06 23:28:28,323 [BasicRepositoryConnector-repo.maven.apache.org-1-0] INFO  o.e.m.c.i.e.AbstractTransferListenerAdapter - Downloaded https://repo.maven.apache.org/maven2/org/junit/jupiter/junit-jupiter/6.0.3/junit-jupiter-6.0.3.jar
2026-03-06 23:28:28,333 [BasicRepositoryConnector-repo.maven.apache.org-1-4] INFO  o.e.m.c.i.e.AbstractTransferListenerAdapter - Downloaded https://repo.maven.apache.org/maven2/com/mysql/mysql-connector-j/9.6.0/mysql-connector-j-9.6.0.jar
2026-03-06 23:28:28,393 [BasicRepositoryConnector-repo.maven.apache.org-1-0] INFO  o.e.m.c.i.e.AbstractTransferListenerAdapter - Downloading https://repo.maven.apache.org/maven2/org/junit/jupiter/junit-jupiter-api/6.0.3/junit-jupiter-api-6.0.3.jar
2026-03-06 23:28:28,394 [BasicRepositoryConnector-repo.maven.apache.org-1-4] INFO  o.e.m.c.i.e.AbstractTransferListenerAdapter - Downloading https://repo.maven.apache.org/maven2/org/junit/platform/junit-platform-commons/6.0.3/junit-platform-commons-6.0.3.jar
2026-03-06 23:28:28,497 [BasicRepositoryConnector-repo.maven.apache.org-1-4] INFO  o.e.m.c.i.e.AbstractTransferListenerAdapter - Downloaded https://repo.maven.apache.org/maven2/org/junit/platform/junit-platform-commons/6.0.3/junit-platform-commons-6.0.3.jar
2026-03-06 23:28:28,594 [BasicRepositoryConnector-repo.maven.apache.org-1-4] INFO  o.e.m.c.i.e.AbstractTransferListenerAdapter - Downloading https://repo.maven.apache.org/maven2/org/junit/jupiter/junit-jupiter-params/6.0.3/junit-jupiter-params-6.0.3.jar
2026-03-06 23:28:28,619 [BasicRepositoryConnector-repo.maven.apache.org-1-0] INFO  o.e.m.c.i.e.AbstractTransferListenerAdapter - Downloaded https://repo.maven.apache.org/maven2/org/junit/jupiter/junit-jupiter-api/6.0.3/junit-jupiter-api-6.0.3.jar
2026-03-06 23:28:28,727 [BasicRepositoryConnector-repo.maven.apache.org-1-4] INFO  o.e.m.c.i.e.AbstractTransferListenerAdapter - Downloaded https://repo.maven.apache.org/maven2/org/junit/jupiter/junit-jupiter-params/6.0.3/junit-jupiter-params-6.0.3.jar
2026-03-06 23:28:28,727 [BasicRepositoryConnector-repo.maven.apache.org-1-0] INFO  o.e.m.c.i.e.AbstractTransferListenerAdapter - Downloading https://repo.maven.apache.org/maven2/org/junit/jupiter/junit-jupiter-engine/6.0.3/junit-jupiter-engine-6.0.3.jar
2026-03-06 23:28:28,805 [BasicRepositoryConnector-repo.maven.apache.org-1-4] INFO  o.e.m.c.i.e.AbstractTransferListenerAdapter - Downloading https://repo.maven.apache.org/maven2/org/junit/platform/junit-platform-engine/6.0.3/junit-platform-engine-6.0.3.jar
2026-03-06 23:28:28,969 [BasicRepositoryConnector-repo.maven.apache.org-1-4] INFO  o.e.m.c.i.e.AbstractTransferListenerAdapter - Downloaded https://repo.maven.apache.org/maven2/org/junit/platform/junit-platform-engine/6.0.3/junit-platform-engine-6.0.3.jar
2026-03-06 23:28:28,983 [BasicRepositoryConnector-repo.maven.apache.org-1-0] INFO  o.e.m.c.i.e.AbstractTransferListenerAdapter - Downloaded https://repo.maven.apache.org/maven2/org/junit/jupiter/junit-jupiter-engine/6.0.3/junit-jupiter-engine-6.0.3.jar
2026-03-06 23:28:29,067 [BasicRepositoryConnector-repo.maven.apache.org-1-4] INFO  o.e.m.c.i.e.AbstractTransferListenerAdapter - Downloading https://repo.maven.apache.org/maven2/org/mockito/mockito-core/5.20.0/mockito-core-5.20.0.jar
2026-03-06 23:28:29,095 [BasicRepositoryConnector-repo.maven.apache.org-1-0] INFO  o.e.m.c.i.e.AbstractTransferListenerAdapter - Downloading https://repo.maven.apache.org/maven2/net/bytebuddy/byte-buddy-agent/1.17.8/byte-buddy-agent-1.17.8.jar
2026-03-06 23:28:29,505 [BasicRepositoryConnector-repo.maven.apache.org-1-4] INFO  o.e.m.c.i.e.AbstractTransferListenerAdapter - Downloaded https://repo.maven.apache.org/maven2/org/mockito/mockito-core/5.20.0/mockito-core-5.20.0.jar
2026-03-06 23:28:29,507 [BasicRepositoryConnector-repo.maven.apache.org-1-0] INFO  o.e.m.c.i.e.AbstractTransferListenerAdapter - Downloaded https://repo.maven.apache.org/maven2/net/bytebuddy/byte-buddy-agent/1.17.8/byte-buddy-agent-1.17.8.jar
2026-03-06 23:28:29,615 [BasicRepositoryConnector-repo.maven.apache.org-1-0] INFO  o.e.m.c.i.e.AbstractTransferListenerAdapter - Downloading https://repo.maven.apache.org/maven2/org/springframework/spring-test/7.0.5/spring-test-7.0.5.jar
2026-03-06 23:28:29,618 [BasicRepositoryConnector-repo.maven.apache.org-1-4] INFO  o.e.m.c.i.e.AbstractTransferListenerAdapter - Downloading https://repo.maven.apache.org/maven2/org/mockito/mockito-junit-jupiter/5.20.0/mockito-junit-jupiter-5.20.0.jar
2026-03-06 23:28:29,622 [BasicRepositoryConnector-repo.maven.apache.org-1-4] INFO  o.e.m.c.i.e.AbstractTransferListenerAdapter - Downloaded https://repo.maven.apache.org/maven2/org/mockito/mockito-junit-jupiter/5.20.0/mockito-junit-jupiter-5.20.0.jar
2026-03-06 23:28:29,731 [BasicRepositoryConnector-repo.maven.apache.org-1-3] INFO  o.e.m.c.i.e.AbstractTransferListenerAdapter - Downloaded https://repo.maven.apache.org/maven2/org/assertj/assertj-core/3.27.7/assertj-core-3.27.7.jar
2026-03-06 23:28:29,731 [BasicRepositoryConnector-repo.maven.apache.org-1-1] INFO  o.e.m.c.i.e.AbstractTransferListenerAdapter - Downloaded https://repo.maven.apache.org/maven2/org/projectlombok/lombok/1.18.42/lombok-1.18.42.jar
2026-03-06 23:28:29,769 [BasicRepositoryConnector-repo.maven.apache.org-1-4] INFO  o.e.m.c.i.e.AbstractTransferListenerAdapter - Downloading https://repo.maven.apache.org/maven2/org/xmlunit/xmlunit-core/2.10.4/xmlunit-core-2.10.4.jar
2026-03-06 23:28:29,846 [BasicRepositoryConnector-repo.maven.apache.org-1-1] INFO  o.e.m.c.i.e.AbstractTransferListenerAdapter - Downloading https://repo.maven.apache.org/maven2/org/springframework/boot/spring-boot-jdbc-test/4.0.3/spring-boot-jdbc-test-4.0.3.jar
2026-03-06 23:28:29,856 [BasicRepositoryConnector-repo.maven.apache.org-1-3] INFO  o.e.m.c.i.e.AbstractTransferListenerAdapter - Downloading https://repo.maven.apache.org/maven2/org/springframework/boot/spring-boot-starter-jdbc-test/4.0.3/spring-boot-starter-jdbc-test-4.0.3.jar
2026-03-06 23:28:29,860 [BasicRepositoryConnector-repo.maven.apache.org-1-1] INFO  o.e.m.c.i.e.AbstractTransferListenerAdapter - Downloaded https://repo.maven.apache.org/maven2/org/springframework/boot/spring-boot-jdbc-test/4.0.3/spring-boot-jdbc-test-4.0.3.jar
2026-03-06 23:28:29,860 [BasicRepositoryConnector-repo.maven.apache.org-1-3] INFO  o.e.m.c.i.e.AbstractTransferListenerAdapter - Downloaded https://repo.maven.apache.org/maven2/org/springframework/boot/spring-boot-starter-jdbc-test/4.0.3/spring-boot-starter-jdbc-test-4.0.3.jar
2026-03-06 23:28:29,902 [BasicRepositoryConnector-repo.maven.apache.org-1-4] INFO  o.e.m.c.i.e.AbstractTransferListenerAdapter - Downloaded https://repo.maven.apache.org/maven2/org/xmlunit/xmlunit-core/2.10.4/xmlunit-core-2.10.4.jar
2026-03-06 23:28:29,952 [BasicRepositoryConnector-repo.maven.apache.org-1-1] INFO  o.e.m.c.i.e.AbstractTransferListenerAdapter - Downloading https://repo.maven.apache.org/maven2/org/springframework/boot/spring-boot-jpa-test/4.0.3/spring-boot-jpa-test-4.0.3.jar
2026-03-06 23:28:29,955 [BasicRepositoryConnector-repo.maven.apache.org-1-1] INFO  o.e.m.c.i.e.AbstractTransferListenerAdapter - Downloaded https://repo.maven.apache.org/maven2/org/springframework/boot/spring-boot-jpa-test/4.0.3/spring-boot-jpa-test-4.0.3.jar
2026-03-06 23:28:29,965 [BasicRepositoryConnector-repo.maven.apache.org-1-3] INFO  o.e.m.c.i.e.AbstractTransferListenerAdapter - Downloading https://repo.maven.apache.org/maven2/org/springframework/boot/spring-boot-data-jpa-test/4.0.3/spring-boot-data-jpa-test-4.0.3.jar
2026-03-06 23:28:29,969 [BasicRepositoryConnector-repo.maven.apache.org-1-3] INFO  o.e.m.c.i.e.AbstractTransferListenerAdapter - Downloaded https://repo.maven.apache.org/maven2/org/springframework/boot/spring-boot-data-jpa-test/4.0.3/spring-boot-data-jpa-test-4.0.3.jar
2026-03-06 23:28:29,996 [BasicRepositoryConnector-repo.maven.apache.org-1-4] INFO  o.e.m.c.i.e.AbstractTransferListenerAdapter - Downloading https://repo.maven.apache.org/maven2/org/springframework/boot/spring-boot-starter-security-test/4.0.3/spring-boot-starter-security-test-4.0.3.jar
2026-03-06 23:28:30,001 [BasicRepositoryConnector-repo.maven.apache.org-1-4] INFO  o.e.m.c.i.e.AbstractTransferListenerAdapter - Downloaded https://repo.maven.apache.org/maven2/org/springframework/boot/spring-boot-starter-security-test/4.0.3/spring-boot-starter-security-test-4.0.3.jar
2026-03-06 23:28:30,025 [BasicRepositoryConnector-repo.maven.apache.org-1-1] INFO  o.e.m.c.i.e.AbstractTransferListenerAdapter - Downloading https://repo.maven.apache.org/maven2/org/springframework/boot/spring-boot-security-test/4.0.3/spring-boot-security-test-4.0.3.jar
2026-03-06 23:28:30,029 [BasicRepositoryConnector-repo.maven.apache.org-1-1] INFO  o.e.m.c.i.e.AbstractTransferListenerAdapter - Downloaded https://repo.maven.apache.org/maven2/org/springframework/boot/spring-boot-security-test/4.0.3/spring-boot-security-test-4.0.3.jar
2026-03-06 23:28:30,053 [BasicRepositoryConnector-repo.maven.apache.org-1-3] INFO  o.e.m.c.i.e.AbstractTransferListenerAdapter - Downloading https://repo.maven.apache.org/maven2/org/springframework/security/spring-security-test/7.0.3/spring-security-test-7.0.3.jar
2026-03-06 23:28:30,058 [BasicRepositoryConnector-repo.maven.apache.org-1-0] INFO  o.e.m.c.i.e.AbstractTransferListenerAdapter - Downloaded https://repo.maven.apache.org/maven2/org/springframework/spring-test/7.0.5/spring-test-7.0.5.jar
2026-03-06 23:28:30,071 [BasicRepositoryConnector-repo.maven.apache.org-1-4] INFO  o.e.m.c.i.e.AbstractTransferListenerAdapter - Downloading https://repo.maven.apache.org/maven2/org/springframework/boot/spring-boot-starter-validation-test/4.0.3/spring-boot-starter-validation-test-4.0.3.jar
2026-03-06 23:28:30,074 [BasicRepositoryConnector-repo.maven.apache.org-1-4] INFO  o.e.m.c.i.e.AbstractTransferListenerAdapter - Downloaded https://repo.maven.apache.org/maven2/org/springframework/boot/spring-boot-starter-validation-test/4.0.3/spring-boot-starter-validation-test-4.0.3.jar
2026-03-06 23:28:30,075 [BasicRepositoryConnector-repo.maven.apache.org-1-1] INFO  o.e.m.c.i.e.AbstractTransferListenerAdapter - Downloading https://repo.maven.apache.org/maven2/org/springframework/boot/spring-boot-starter-webmvc-test/4.0.3/spring-boot-starter-webmvc-test-4.0.3.jar
2026-03-06 23:28:30,079 [BasicRepositoryConnector-repo.maven.apache.org-1-1] INFO  o.e.m.c.i.e.AbstractTransferListenerAdapter - Downloaded https://repo.maven.apache.org/maven2/org/springframework/boot/spring-boot-starter-webmvc-test/4.0.3/spring-boot-starter-webmvc-test-4.0.3.jar
2026-03-06 23:28:30,114 [BasicRepositoryConnector-repo.maven.apache.org-1-0] INFO  o.e.m.c.i.e.AbstractTransferListenerAdapter - Downloading https://repo.maven.apache.org/maven2/org/springframework/boot/spring-boot-starter-jackson-test/4.0.3/spring-boot-starter-jackson-test-4.0.3.jar
2026-03-06 23:28:30,118 [BasicRepositoryConnector-repo.maven.apache.org-1-0] INFO  o.e.m.c.i.e.AbstractTransferListenerAdapter - Downloaded https://repo.maven.apache.org/maven2/org/springframework/boot/spring-boot-starter-jackson-test/4.0.3/spring-boot-starter-jackson-test-4.0.3.jar
2026-03-06 23:28:30,129 [BasicRepositoryConnector-repo.maven.apache.org-1-1] INFO  o.e.m.c.i.e.AbstractTransferListenerAdapter - Downloading https://repo.maven.apache.org/maven2/org/springframework/boot/spring-boot-web-server/4.0.3/spring-boot-web-server-4.0.3.jar
2026-03-06 23:28:30,132 [BasicRepositoryConnector-repo.maven.apache.org-1-3] INFO  o.e.m.c.i.e.AbstractTransferListenerAdapter - Downloaded https://repo.maven.apache.org/maven2/org/springframework/security/spring-security-test/7.0.3/spring-security-test-7.0.3.jar
2026-03-06 23:28:30,141 [BasicRepositoryConnector-repo.maven.apache.org-1-4] INFO  o.e.m.c.i.e.AbstractTransferListenerAdapter - Downloading https://repo.maven.apache.org/maven2/org/springframework/boot/spring-boot-webmvc-test/4.0.3/spring-boot-webmvc-test-4.0.3.jar
2026-03-06 23:28:30,167 [BasicRepositoryConnector-repo.maven.apache.org-1-4] INFO  o.e.m.c.i.e.AbstractTransferListenerAdapter - Downloaded https://repo.maven.apache.org/maven2/org/springframework/boot/spring-boot-webmvc-test/4.0.3/spring-boot-webmvc-test-4.0.3.jar
2026-03-06 23:28:30,181 [BasicRepositoryConnector-repo.maven.apache.org-1-0] INFO  o.e.m.c.i.e.AbstractTransferListenerAdapter - Downloading https://repo.maven.apache.org/maven2/org/springframework/boot/spring-boot-resttestclient/4.0.3/spring-boot-resttestclient-4.0.3.jar
2026-03-06 23:28:30,194 [BasicRepositoryConnector-repo.maven.apache.org-1-0] INFO  o.e.m.c.i.e.AbstractTransferListenerAdapter - Downloaded https://repo.maven.apache.org/maven2/org/springframework/boot/spring-boot-resttestclient/4.0.3/spring-boot-resttestclient-4.0.3.jar
2026-03-06 23:28:30,195 [BasicRepositoryConnector-repo.maven.apache.org-1-3] INFO  o.e.m.c.i.e.AbstractTransferListenerAdapter - Downloading https://repo.maven.apache.org/maven2/io/jsonwebtoken/jjwt-api/0.11.5/jjwt-api-0.11.5.jar
2026-03-06 23:28:30,230 [BasicRepositoryConnector-repo.maven.apache.org-1-1] INFO  o.e.m.c.i.e.AbstractTransferListenerAdapter - Downloaded https://repo.maven.apache.org/maven2/org/springframework/boot/spring-boot-web-server/4.0.3/spring-boot-web-server-4.0.3.jar
2026-03-06 23:28:30,235 [BasicRepositoryConnector-repo.maven.apache.org-1-4] INFO  o.e.m.c.i.e.AbstractTransferListenerAdapter - Downloading https://repo.maven.apache.org/maven2/io/jsonwebtoken/jjwt-impl/0.11.5/jjwt-impl-0.11.5.jar
2026-03-06 23:28:30,244 [BasicRepositoryConnector-repo.maven.apache.org-1-3] INFO  o.e.m.c.i.e.AbstractTransferListenerAdapter - Downloaded https://repo.maven.apache.org/maven2/io/jsonwebtoken/jjwt-api/0.11.5/jjwt-api-0.11.5.jar
2026-03-06 23:28:30,249 [BasicRepositoryConnector-repo.maven.apache.org-1-0] INFO  o.e.m.c.i.e.AbstractTransferListenerAdapter - Downloading https://repo.maven.apache.org/maven2/io/jsonwebtoken/jjwt-jackson/0.11.5/jjwt-jackson-0.11.5.jar
2026-03-06 23:28:30,254 [BasicRepositoryConnector-repo.maven.apache.org-1-0] INFO  o.e.m.c.i.e.AbstractTransferListenerAdapter - Downloaded https://repo.maven.apache.org/maven2/io/jsonwebtoken/jjwt-jackson/0.11.5/jjwt-jackson-0.11.5.jar
2026-03-06 23:28:30,279 [BasicRepositoryConnector-repo.maven.apache.org-1-1] INFO  o.e.m.c.i.e.AbstractTransferListenerAdapter - Downloading https://repo.maven.apache.org/maven2/com/fasterxml/jackson/core/jackson-databind/2.20.2/jackson-databind-2.20.2.jar
2026-03-06 23:28:30,279 [BasicRepositoryConnector-repo.maven.apache.org-1-4] INFO  o.e.m.c.i.e.AbstractTransferListenerAdapter - Downloaded https://repo.maven.apache.org/maven2/io/jsonwebtoken/jjwt-impl/0.11.5/jjwt-impl-0.11.5.jar
2026-03-06 23:28:30,305 [BasicRepositoryConnector-repo.maven.apache.org-1-3] INFO  o.e.m.c.i.e.AbstractTransferListenerAdapter - Downloading https://repo.maven.apache.org/maven2/com/fasterxml/jackson/core/jackson-annotations/2.20/jackson-annotations-2.20.jar
2026-03-06 23:28:30,311 [BasicRepositoryConnector-repo.maven.apache.org-1-0] INFO  o.e.m.c.i.e.AbstractTransferListenerAdapter - Downloading https://repo.maven.apache.org/maven2/com/fasterxml/jackson/core/jackson-core/2.20.2/jackson-core-2.20.2.jar
2026-03-06 23:28:30,373 [BasicRepositoryConnector-repo.maven.apache.org-1-3] INFO  o.e.m.c.i.e.AbstractTransferListenerAdapter - Downloaded https://repo.maven.apache.org/maven2/com/fasterxml/jackson/core/jackson-annotations/2.20/jackson-annotations-2.20.jar
2026-03-06 23:28:30,613 [BasicRepositoryConnector-repo.maven.apache.org-1-0] INFO  o.e.m.c.i.e.AbstractTransferListenerAdapter - Downloaded https://repo.maven.apache.org/maven2/com/fasterxml/jackson/core/jackson-core/2.20.2/jackson-core-2.20.2.jar
2026-03-06 23:28:31,127 [BasicRepositoryConnector-repo.maven.apache.org-1-1] INFO  o.e.m.c.i.e.AbstractTransferListenerAdapter - Downloaded https://repo.maven.apache.org/maven2/com/fasterxml/jackson/core/jackson-databind/2.20.2/jackson-databind-2.20.2.jar
2026-03-06 23:28:31,884 [BasicRepositoryConnector-repo.maven.apache.org-1-2] INFO  o.e.m.c.i.e.AbstractTransferListenerAdapter - Downloaded https://repo.maven.apache.org/maven2/net/bytebuddy/byte-buddy/1.17.8/byte-buddy-1.17.8.jar
2026-03-06 23:28:32,284 [Worker-13: Building] INFO  o.e.m.c.i.e.AbstractTransferListenerAdapter - Downloading https://repo.maven.apache.org/maven2/org/apache/maven/plugins/maven-surefire-plugin/3.5.4/maven-surefire-plugin-3.5.4.pom
2026-03-06 23:28:32,288 [Worker-13: Building] INFO  o.e.m.c.i.e.AbstractTransferListenerAdapter - Downloaded https://repo.maven.apache.org/maven2/org/apache/maven/plugins/maven-surefire-plugin/3.5.4/maven-surefire-plugin-3.5.4.pom
2026-03-06 23:28:32,347 [Worker-13: Building] INFO  o.e.m.c.i.e.AbstractTransferListenerAdapter - Downloading https://repo.maven.apache.org/maven2/org/apache/maven/surefire/surefire/3.5.4/surefire-3.5.4.pom
2026-03-06 23:28:32,363 [Worker-13: Building] INFO  o.e.m.c.i.e.AbstractTransferListenerAdapter - Downloaded https://repo.maven.apache.org/maven2/org/apache/maven/surefire/surefire/3.5.4/surefire-3.5.4.pom
2026-03-06 23:28:33,417 [Worker-13: Building] INFO  o.a.m.s.f.DefaultMavenResourcesFiltering - Copying 1 resource from src\main\resources to target\classes
2026-03-06 23:28:33,446 [Worker-13: Building] INFO  o.a.m.s.f.DefaultMavenResourcesFiltering - Copying 0 resource from src\main\resources to target\classes
2026-03-06 23:28:33,453 [Worker-13: Building] INFO  o.a.m.s.f.DefaultMavenResourcesFiltering - skip non existing resourceDirectory C:\Users\X1 Carbon\Desktop\miniprojet\backend-sapharma\src\test\resources
2026-03-06 23:28:33,497 [Worker-13: Building] WARN  o.apache.maven.project.MavenProject - Direct modification of compileSourceRoots through clear() is deprecated and will not work in Maven 4.0.0. Please use the add/remove methods instead. If you're using a plugin that causes this warning, please upgrade to the latest version and report an issue if the warning persists. To disable these warnings, set -Dmaven.project.sourceRoots.warningsDisabled=true on the command line, in the .mvn/maven.config file, or in project POM properties.
2026-03-06 23:28:33,498 [Worker-13: Building] WARN  o.apache.maven.project.MavenProject - Direct modification of compileSourceRoots through add() is deprecated and will not work in Maven 4.0.0. Please use the add/remove methods instead. If you're using a plugin that causes this warning, please upgrade to the latest version and report an issue if the warning persists. To disable these warnings, set -Dmaven.project.sourceRoots.warningsDisabled=true on the command line, in the .mvn/maven.config file, or in project POM properties.
2026-03-06 23:28:33,498 [Worker-13: Building] WARN  o.apache.maven.project.MavenProject - Direct modification of testCompileSourceRoots through clear() is deprecated and will not work in Maven 4.0.0. Please use the add/remove methods instead. If you're using a plugin that causes this warning, please upgrade to the latest version and report an issue if the warning persists. To disable these warnings, set -Dmaven.project.sourceRoots.warningsDisabled=true on the command line, in the .mvn/maven.config file, or in project POM properties.
2026-03-06 23:28:33,499 [Worker-13: Building] WARN  o.apache.maven.project.MavenProject - Direct modification of testCompileSourceRoots through add() is deprecated and will not work in Maven 4.0.0. Please use the add/remove methods instead. If you're using a plugin that causes this warning, please upgrade to the latest version and report an issue if the warning persists. To disable these warnings, set -Dmaven.project.sourceRoots.warningsDisabled=true on the command line, in the .mvn/maven.config file, or in project POM properties.
2026-03-06 23:28:34,166 [Worker-12: Download sources and javadoc] INFO  o.e.m.c.i.e.AbstractTransferListenerAdapter - Downloading https://repo.maven.apache.org/maven2/org/springframework/boot/spring-boot-starter-data-jpa/4.0.3/spring-boot-starter-data-jpa-4.0.3-sources.jar
2026-03-06 23:28:34,171 [Worker-12: Download sources and javadoc] INFO  o.e.m.c.i.e.AbstractTransferListenerAdapter - Downloaded https://repo.maven.apache.org/maven2/org/springframework/boot/spring-boot-starter-data-jpa/4.0.3/spring-boot-starter-data-jpa-4.0.3-sources.jar
2026-03-06 23:28:34,177 [Worker-12: Download sources and javadoc] INFO  o.e.m.j.internal.DownloadSourcesJob - Downloaded sources for org.springframework.boot:spring-boot-starter-data-jpa:4.0.3
2026-03-06 23:28:34,315 [Worker-12: Download sources and javadoc] INFO  o.e.m.c.i.e.AbstractTransferListenerAdapter - Downloading https://repo.maven.apache.org/maven2/org/springframework/boot/spring-boot-starter/4.0.3/spring-boot-starter-4.0.3-sources.jar
2026-03-06 23:28:34,322 [Worker-12: Download sources and javadoc] INFO  o.e.m.c.i.e.AbstractTransferListenerAdapter - Downloaded https://repo.maven.apache.org/maven2/org/springframework/boot/spring-boot-starter/4.0.3/spring-boot-starter-4.0.3-sources.jar
2026-03-06 23:28:34,327 [Worker-12: Download sources and javadoc] INFO  o.e.m.j.internal.DownloadSourcesJob - Downloaded sources for org.springframework.boot:spring-boot-starter:4.0.3
2026-03-06 23:28:34,472 [Worker-12: Download sources and javadoc] INFO  o.e.m.c.i.e.AbstractTransferListenerAdapter - Downloading https://repo.maven.apache.org/maven2/org/springframework/boot/spring-boot-starter-logging/4.0.3/spring-boot-starter-logging-4.0.3-sources.jar
2026-03-06 23:28:34,477 [Worker-12: Download sources and javadoc] INFO  o.e.m.c.i.e.AbstractTransferListenerAdapter - Downloaded https://repo.maven.apache.org/maven2/org/springframework/boot/spring-boot-starter-logging/4.0.3/spring-boot-starter-logging-4.0.3-sources.jar
2026-03-06 23:28:34,483 [Worker-12: Download sources and javadoc] INFO  o.e.m.j.internal.DownloadSourcesJob - Downloaded sources for org.springframework.boot:spring-boot-starter-logging:4.0.3
2026-03-06 23:28:34,585 [Worker-12: Download sources and javadoc] INFO  o.e.m.c.i.e.AbstractTransferListenerAdapter - Downloading https://repo.maven.apache.org/maven2/ch/qos/logback/logback-classic/1.5.32/logback-classic-1.5.32-sources.jar
2026-03-06 23:28:34,656 [Worker-12: Download sources and javadoc] INFO  o.e.m.c.i.e.AbstractTransferListenerAdapter - Downloaded https://repo.maven.apache.org/maven2/ch/qos/logback/logback-classic/1.5.32/logback-classic-1.5.32-sources.jar
2026-03-06 23:28:34,661 [Worker-12: Download sources and javadoc] INFO  o.e.m.j.internal.DownloadSourcesJob - Downloaded sources for ch.qos.logback:logback-classic:1.5.32
2026-03-06 23:28:34,810 [Worker-12: Download sources and javadoc] INFO  o.e.m.c.i.e.AbstractTransferListenerAdapter - Downloading https://repo.maven.apache.org/maven2/ch/qos/logback/logback-core/1.5.32/logback-core-1.5.32-sources.jar
2026-03-06 23:28:34,998 [Worker-12: Download sources and javadoc] INFO  o.e.m.c.i.e.AbstractTransferListenerAdapter - Downloaded https://repo.maven.apache.org/maven2/ch/qos/logback/logback-core/1.5.32/logback-core-1.5.32-sources.jar
2026-03-06 23:28:35,004 [Worker-12: Download sources and javadoc] INFO  o.e.m.j.internal.DownloadSourcesJob - Downloaded sources for ch.qos.logback:logback-core:1.5.32
2026-03-06 23:28:35,159 [Worker-12: Download sources and javadoc] INFO  o.e.m.c.i.e.AbstractTransferListenerAdapter - Downloading https://repo.maven.apache.org/maven2/org/apache/logging/log4j/log4j-to-slf4j/2.25.3/log4j-to-slf4j-2.25.3-sources.jar
2026-03-06 23:28:35,167 [Worker-12: Download sources and javadoc] INFO  o.e.m.c.i.e.AbstractTransferListenerAdapter - Downloaded https://repo.maven.apache.org/maven2/org/apache/logging/log4j/log4j-to-slf4j/2.25.3/log4j-to-slf4j-2.25.3-sources.jar
2026-03-06 23:28:35,173 [Worker-12: Download sources and javadoc] INFO  o.e.m.j.internal.DownloadSourcesJob - Downloaded sources for org.apache.logging.log4j:log4j-to-slf4j:2.25.3
2026-03-06 23:28:35,275 [Worker-12: Download sources and javadoc] INFO  o.e.m.c.i.e.AbstractTransferListenerAdapter - Downloading https://repo.maven.apache.org/maven2/org/apache/logging/log4j/log4j-api/2.25.3/log4j-api-2.25.3-sources.jar
2026-03-06 23:28:35,355 [Worker-12: Download sources and javadoc] INFO  o.e.m.c.i.e.AbstractTransferListenerAdapter - Downloaded https://repo.maven.apache.org/maven2/org/apache/logging/log4j/log4j-api/2.25.3/log4j-api-2.25.3-sources.jar
2026-03-06 23:28:35,360 [Worker-12: Download sources and javadoc] INFO  o.e.m.j.internal.DownloadSourcesJob - Downloaded sources for org.apache.logging.log4j:log4j-api:2.25.3
2026-03-06 23:28:35,487 [Worker-13: Building] INFO  o.a.m.s.f.DefaultMavenResourcesFiltering - Copying 1 resource from src\main\resources to target\classes
2026-03-06 23:28:35,490 [Worker-13: Building] INFO  o.a.m.s.f.DefaultMavenResourcesFiltering - Copying 0 resource from src\main\resources to target\classes
2026-03-06 23:28:35,496 [Worker-13: Building] INFO  o.a.m.s.f.DefaultMavenResourcesFiltering - skip non existing resourceDirectory C:\Users\X1 Carbon\Desktop\miniprojet\backend-sapharma\src\test\resources
2026-03-06 23:28:35,501 [Worker-12: Download sources and javadoc] INFO  o.e.m.c.i.e.AbstractTransferListenerAdapter - Downloading https://repo.maven.apache.org/maven2/org/springframework/boot/spring-boot-autoconfigure/4.0.3/spring-boot-autoconfigure-4.0.3-sources.jar
2026-03-06 23:28:35,527 [Worker-13: Building] WARN  o.apache.maven.project.MavenProject - Direct modification of compileSourceRoots through clear() is deprecated and will not work in Maven 4.0.0. Please use the add/remove methods instead. If you're using a plugin that causes this warning, please upgrade to the latest version and report an issue if the warning persists. To disable these warnings, set -Dmaven.project.sourceRoots.warningsDisabled=true on the command line, in the .mvn/maven.config file, or in project POM properties.
2026-03-06 23:28:35,529 [Worker-13: Building] WARN  o.apache.maven.project.MavenProject - Direct modification of compileSourceRoots through add() is deprecated and will not work in Maven 4.0.0. Please use the add/remove methods instead. If you're using a plugin that causes this warning, please upgrade to the latest version and report an issue if the warning persists. To disable these warnings, set -Dmaven.project.sourceRoots.warningsDisabled=true on the command line, in the .mvn/maven.config file, or in project POM properties.
2026-03-06 23:28:35,530 [Worker-13: Building] WARN  o.apache.maven.project.MavenProject - Direct modification of testCompileSourceRoots through clear() is deprecated and will not work in Maven 4.0.0. Please use the add/remove methods instead. If you're using a plugin that causes this warning, please upgrade to the latest version and report an issue if the warning persists. To disable these warnings, set -Dmaven.project.sourceRoots.warningsDisabled=true on the command line, in the .mvn/maven.config file, or in project POM properties.
2026-03-06 23:28:35,531 [Worker-13: Building] WARN  o.apache.maven.project.MavenProject - Direct modification of testCompileSourceRoots through add() is deprecated and will not work in Maven 4.0.0. Please use the add/remove methods instead. If you're using a plugin that causes this warning, please upgrade to the latest version and report an issue if the warning persists. To disable these warnings, set -Dmaven.project.sourceRoots.warningsDisabled=true on the command line, in the .mvn/maven.config file, or in project POM properties.
2026-03-06 23:28:35,597 [Worker-12: Download sources and javadoc] INFO  o.e.m.c.i.e.AbstractTransferListenerAdapter - Downloaded https://repo.maven.apache.org/maven2/org/springframework/boot/spring-boot-autoconfigure/4.0.3/spring-boot-autoconfigure-4.0.3-sources.jar
2026-03-06 23:28:35,603 [Worker-12: Download sources and javadoc] INFO  o.e.m.j.internal.DownloadSourcesJob - Downloaded sources for org.springframework.boot:spring-boot-autoconfigure:4.0.3
2026-03-06 23:28:35,707 [Worker-12: Download sources and javadoc] INFO  o.e.m.c.i.e.AbstractTransferListenerAdapter - Downloading https://repo.maven.apache.org/maven2/jakarta/annotation/jakarta.annotation-api/3.0.0/jakarta.annotation-api-3.0.0-sources.jar
2026-03-06 23:28:35,722 [Worker-12: Download sources and javadoc] INFO  o.e.m.c.i.e.AbstractTransferListenerAdapter - Downloaded https://repo.maven.apache.org/maven2/jakarta/annotation/jakarta.annotation-api/3.0.0/jakarta.annotation-api-3.0.0-sources.jar
2026-03-06 23:28:35,728 [Worker-12: Download sources and javadoc] INFO  o.e.m.j.internal.DownloadSourcesJob - Downloaded sources for jakarta.annotation:jakarta.annotation-api:3.0.0
2026-03-06 23:28:35,821 [Worker-12: Download sources and javadoc] INFO  o.e.m.c.i.e.AbstractTransferListenerAdapter - Downloading https://repo.maven.apache.org/maven2/org/yaml/snakeyaml/2.5/snakeyaml-2.5-sources.jar
2026-03-06 23:28:35,879 [Worker-12: Download sources and javadoc] INFO  o.e.m.c.i.e.AbstractTransferListenerAdapter - Downloaded https://repo.maven.apache.org/maven2/org/yaml/snakeyaml/2.5/snakeyaml-2.5-sources.jar
2026-03-06 23:28:35,883 [Worker-12: Download sources and javadoc] INFO  o.e.m.j.internal.DownloadSourcesJob - Downloaded sources for org.yaml:snakeyaml:2.5
2026-03-06 23:28:35,980 [Worker-12: Download sources and javadoc] INFO  o.e.m.c.i.e.AbstractTransferListenerAdapter - Downloading https://repo.maven.apache.org/maven2/org/springframework/boot/spring-boot-starter-jdbc/4.0.3/spring-boot-starter-jdbc-4.0.3-sources.jar
2026-03-06 23:28:35,986 [Worker-12: Download sources and javadoc] INFO  o.e.m.c.i.e.AbstractTransferListenerAdapter - Downloaded https://repo.maven.apache.org/maven2/org/springframework/boot/spring-boot-starter-jdbc/4.0.3/spring-boot-starter-jdbc-4.0.3-sources.jar
2026-03-06 23:28:35,989 [Worker-12: Download sources and javadoc] INFO  o.e.m.j.internal.DownloadSourcesJob - Downloaded sources for org.springframework.boot:spring-boot-starter-jdbc:4.0.3
2026-03-06 23:28:36,091 [Worker-12: Download sources and javadoc] INFO  o.e.m.c.i.e.AbstractTransferListenerAdapter - Downloading https://repo.maven.apache.org/maven2/com/zaxxer/HikariCP/7.0.2/HikariCP-7.0.2-sources.jar
2026-03-06 23:28:36,133 [Worker-12: Download sources and javadoc] INFO  o.e.m.c.i.e.AbstractTransferListenerAdapter - Downloaded https://repo.maven.apache.org/maven2/com/zaxxer/HikariCP/7.0.2/HikariCP-7.0.2-sources.jar
2026-03-06 23:28:36,136 [Worker-12: Download sources and javadoc] INFO  o.e.m.j.internal.DownloadSourcesJob - Downloaded sources for com.zaxxer:HikariCP:7.0.2
2026-03-06 23:28:36,278 [Worker-12: Download sources and javadoc] INFO  o.e.m.c.i.e.AbstractTransferListenerAdapter - Downloading https://repo.maven.apache.org/maven2/org/springframework/boot/spring-boot-data-jpa/4.0.3/spring-boot-data-jpa-4.0.3-sources.jar
2026-03-06 23:28:36,282 [Worker-12: Download sources and javadoc] INFO  o.e.m.c.i.e.AbstractTransferListenerAdapter - Downloaded https://repo.maven.apache.org/maven2/org/springframework/boot/spring-boot-data-jpa/4.0.3/spring-boot-data-jpa-4.0.3-sources.jar
2026-03-06 23:28:36,288 [Worker-12: Download sources and javadoc] INFO  o.e.m.j.internal.DownloadSourcesJob - Downloaded sources for org.springframework.boot:spring-boot-data-jpa:4.0.3
2026-03-06 23:28:36,431 [Worker-12: Download sources and javadoc] INFO  o.e.m.c.i.e.AbstractTransferListenerAdapter - Downloading https://repo.maven.apache.org/maven2/org/springframework/boot/spring-boot-data-commons/4.0.3/spring-boot-data-commons-4.0.3-sources.jar
2026-03-06 23:28:36,440 [Worker-12: Download sources and javadoc] INFO  o.e.m.c.i.e.AbstractTransferListenerAdapter - Downloaded https://repo.maven.apache.org/maven2/org/springframework/boot/spring-boot-data-commons/4.0.3/spring-boot-data-commons-4.0.3-sources.jar
2026-03-06 23:28:36,444 [Worker-12: Download sources and javadoc] INFO  o.e.m.j.internal.DownloadSourcesJob - Downloaded sources for org.springframework.boot:spring-boot-data-commons:4.0.3
2026-03-06 23:28:36,586 [Worker-12: Download sources and javadoc] INFO  o.e.m.c.i.e.AbstractTransferListenerAdapter - Downloading https://repo.maven.apache.org/maven2/org/springframework/boot/spring-boot-persistence/4.0.3/spring-boot-persistence-4.0.3-sources.jar
2026-03-06 23:28:36,593 [Worker-12: Download sources and javadoc] INFO  o.e.m.c.i.e.AbstractTransferListenerAdapter - Downloaded https://repo.maven.apache.org/maven2/org/springframework/boot/spring-boot-persistence/4.0.3/spring-boot-persistence-4.0.3-sources.jar
2026-03-06 23:28:36,598 [Worker-12: Download sources and javadoc] INFO  o.e.m.j.internal.DownloadSourcesJob - Downloaded sources for org.springframework.boot:spring-boot-persistence:4.0.3
2026-03-06 23:28:36,746 [Worker-12: Download sources and javadoc] INFO  o.e.m.c.i.e.AbstractTransferListenerAdapter - Downloading https://repo.maven.apache.org/maven2/org/springframework/data/spring-data-commons/4.0.3/spring-data-commons-4.0.3-sources.jar
2026-03-06 23:28:37,070 [Worker-12: Download sources and javadoc] INFO  o.e.m.c.i.e.AbstractTransferListenerAdapter - Downloaded https://repo.maven.apache.org/maven2/org/springframework/data/spring-data-commons/4.0.3/spring-data-commons-4.0.3-sources.jar
2026-03-06 23:28:37,075 [Worker-12: Download sources and javadoc] INFO  o.e.m.j.internal.DownloadSourcesJob - Downloaded sources for org.springframework.data:spring-data-commons:4.0.3
2026-03-06 23:28:37,181 [Worker-12: Download sources and javadoc] INFO  o.e.m.c.i.e.AbstractTransferListenerAdapter - Downloading https://repo.maven.apache.org/maven2/org/springframework/boot/spring-boot-hibernate/4.0.3/spring-boot-hibernate-4.0.3-sources.jar
2026-03-06 23:28:37,190 [Worker-12: Download sources and javadoc] INFO  o.e.m.c.i.e.AbstractTransferListenerAdapter - Downloaded https://repo.maven.apache.org/maven2/org/springframework/boot/spring-boot-hibernate/4.0.3/spring-boot-hibernate-4.0.3-sources.jar
2026-03-06 23:28:37,194 [Worker-12: Download sources and javadoc] INFO  o.e.m.j.internal.DownloadSourcesJob - Downloaded sources for org.springframework.boot:spring-boot-hibernate:4.0.3
2026-03-06 23:28:37,297 [Worker-12: Download sources and javadoc] INFO  o.e.m.c.i.e.AbstractTransferListenerAdapter - Downloading https://repo.maven.apache.org/maven2/org/springframework/boot/spring-boot-jpa/4.0.3/spring-boot-jpa-4.0.3-sources.jar
2026-03-06 23:28:37,306 [Worker-12: Download sources and javadoc] INFO  o.e.m.c.i.e.AbstractTransferListenerAdapter - Downloaded https://repo.maven.apache.org/maven2/org/springframework/boot/spring-boot-jpa/4.0.3/spring-boot-jpa-4.0.3-sources.jar
2026-03-06 23:28:37,310 [Worker-12: Download sources and javadoc] INFO  o.e.m.j.internal.DownloadSourcesJob - Downloaded sources for org.springframework.boot:spring-boot-jpa:4.0.3
2026-03-06 23:28:37,453 [Worker-12: Download sources and javadoc] INFO  o.e.m.c.i.e.AbstractTransferListenerAdapter - Downloading https://repo.maven.apache.org/maven2/jakarta/persistence/jakarta.persistence-api/3.2.0/jakarta.persistence-api-3.2.0-sources.jar
2026-03-06 23:28:37,552 [Worker-12: Download sources and javadoc] INFO  o.e.m.c.i.e.AbstractTransferListenerAdapter - Downloaded https://repo.maven.apache.org/maven2/jakarta/persistence/jakarta.persistence-api/3.2.0/jakarta.persistence-api-3.2.0-sources.jar
2026-03-06 23:28:37,554 [Worker-12: Download sources and javadoc] INFO  o.e.m.j.internal.DownloadSourcesJob - Downloaded sources for jakarta.persistence:jakarta.persistence-api:3.2.0
2026-03-06 23:28:37,655 [Worker-12: Download sources and javadoc] INFO  o.e.m.c.i.e.AbstractTransferListenerAdapter - Downloading https://repo.maven.apache.org/maven2/org/hibernate/orm/hibernate-core/7.2.4.Final/hibernate-core-7.2.4.Final-sources.jar
2026-03-06 23:28:39,204 [Worker-12: Download sources and javadoc] INFO  o.e.m.c.i.e.AbstractTransferListenerAdapter - Downloaded https://repo.maven.apache.org/maven2/org/hibernate/orm/hibernate-core/7.2.4.Final/hibernate-core-7.2.4.Final-sources.jar
2026-03-06 23:28:39,207 [Worker-12: Download sources and javadoc] INFO  o.e.m.j.internal.DownloadSourcesJob - Downloaded sources for org.hibernate.orm:hibernate-core:7.2.4.Final
2026-03-06 23:28:39,308 [Worker-12: Download sources and javadoc] INFO  o.e.m.c.i.e.AbstractTransferListenerAdapter - Downloading https://repo.maven.apache.org/maven2/org/hibernate/models/hibernate-models/1.0.1/hibernate-models-1.0.1-sources.jar
2026-03-06 23:28:39,354 [Worker-12: Download sources and javadoc] INFO  o.e.m.c.i.e.AbstractTransferListenerAdapter - Downloaded https://repo.maven.apache.org/maven2/org/hibernate/models/hibernate-models/1.0.1/hibernate-models-1.0.1-sources.jar
2026-03-06 23:28:39,357 [Worker-12: Download sources and javadoc] INFO  o.e.m.j.internal.DownloadSourcesJob - Downloaded sources for org.hibernate.models:hibernate-models:1.0.1
2026-03-06 23:28:39,460 [Worker-12: Download sources and javadoc] INFO  o.e.m.c.i.e.AbstractTransferListenerAdapter - Downloading https://repo.maven.apache.org/maven2/org/glassfish/jaxb/jaxb-runtime/4.0.6/jaxb-runtime-4.0.6-sources.jar
2026-03-06 23:28:39,616 [Worker-12: Download sources and javadoc] INFO  o.e.m.c.i.e.AbstractTransferListenerAdapter - Downloaded https://repo.maven.apache.org/maven2/org/glassfish/jaxb/jaxb-runtime/4.0.6/jaxb-runtime-4.0.6-sources.jar
2026-03-06 23:28:39,620 [Worker-12: Download sources and javadoc] INFO  o.e.m.j.internal.DownloadSourcesJob - Downloaded sources for org.glassfish.jaxb:jaxb-runtime:4.0.6
2026-03-06 23:28:39,762 [Worker-12: Download sources and javadoc] INFO  o.e.m.c.i.e.AbstractTransferListenerAdapter - Downloading https://repo.maven.apache.org/maven2/org/glassfish/jaxb/jaxb-core/4.0.6/jaxb-core-4.0.6-sources.jar
2026-03-06 23:28:39,832 [Worker-12: Download sources and javadoc] INFO  o.e.m.c.i.e.AbstractTransferListenerAdapter - Downloaded https://repo.maven.apache.org/maven2/org/glassfish/jaxb/jaxb-core/4.0.6/jaxb-core-4.0.6-sources.jar
2026-03-06 23:28:39,836 [Worker-12: Download sources and javadoc] INFO  o.e.m.j.internal.DownloadSourcesJob - Downloaded sources for org.glassfish.jaxb:jaxb-core:4.0.6
2026-03-06 23:28:39,933 [Worker-12: Download sources and javadoc] INFO  o.e.m.c.i.e.AbstractTransferListenerAdapter - Downloading https://repo.maven.apache.org/maven2/org/eclipse/angus/angus-activation/2.0.3/angus-activation-2.0.3-sources.jar
2026-03-06 23:28:39,941 [Worker-12: Download sources and javadoc] INFO  o.e.m.c.i.e.AbstractTransferListenerAdapter - Downloaded https://repo.maven.apache.org/maven2/org/eclipse/angus/angus-activation/2.0.3/angus-activation-2.0.3-sources.jar
2026-03-06 23:28:39,945 [Worker-12: Download sources and javadoc] INFO  o.e.m.j.internal.DownloadSourcesJob - Downloaded sources for org.eclipse.angus:angus-activation:2.0.3
2026-03-06 23:28:40,076 [Worker-12: Download sources and javadoc] INFO  o.e.m.c.i.e.AbstractTransferListenerAdapter - Downloading https://repo.maven.apache.org/maven2/org/glassfish/jaxb/txw2/4.0.6/txw2-4.0.6-sources.jar
2026-03-06 23:28:40,115 [Worker-12: Download sources and javadoc] INFO  o.e.m.c.i.e.AbstractTransferListenerAdapter - Downloaded https://repo.maven.apache.org/maven2/org/glassfish/jaxb/txw2/4.0.6/txw2-4.0.6-sources.jar
2026-03-06 23:28:40,120 [Worker-12: Download sources and javadoc] INFO  o.e.m.j.internal.DownloadSourcesJob - Downloaded sources for org.glassfish.jaxb:txw2:4.0.6
2026-03-06 23:28:40,255 [Worker-12: Download sources and javadoc] INFO  o.e.m.c.i.e.AbstractTransferListenerAdapter - Downloading https://repo.maven.apache.org/maven2/org/springframework/spring-orm/7.0.5/spring-orm-7.0.5-sources.jar
2026-03-06 23:28:40,335 [Worker-12: Download sources and javadoc] INFO  o.e.m.c.i.e.AbstractTransferListenerAdapter - Downloaded https://repo.maven.apache.org/maven2/org/springframework/spring-orm/7.0.5/spring-orm-7.0.5-sources.jar
2026-03-06 23:28:40,338 [Worker-12: Download sources and javadoc] INFO  o.e.m.j.internal.DownloadSourcesJob - Downloaded sources for org.springframework:spring-orm:7.0.5
2026-03-06 23:28:40,468 [Worker-12: Download sources and javadoc] INFO  o.e.m.c.i.e.AbstractTransferListenerAdapter - Downloading https://repo.maven.apache.org/maven2/org/springframework/data/spring-data-jpa/4.0.3/spring-data-jpa-4.0.3-sources.jar
2026-03-06 23:28:40,695 [Worker-12: Download sources and javadoc] INFO  o.e.m.c.i.e.AbstractTransferListenerAdapter - Downloaded https://repo.maven.apache.org/maven2/org/springframework/data/spring-data-jpa/4.0.3/spring-data-jpa-4.0.3-sources.jar
2026-03-06 23:28:40,700 [Worker-12: Download sources and javadoc] INFO  o.e.m.j.internal.DownloadSourcesJob - Downloaded sources for org.springframework.data:spring-data-jpa:4.0.3
2026-03-06 23:28:40,795 [Worker-12: Download sources and javadoc] INFO  o.e.m.c.i.e.AbstractTransferListenerAdapter - Downloading https://repo.maven.apache.org/maven2/org/springframework/spring-context/7.0.5/spring-context-7.0.5-sources.jar
2026-03-06 23:28:41,040 [Worker-12: Download sources and javadoc] INFO  o.e.m.c.i.e.AbstractTransferListenerAdapter - Downloaded https://repo.maven.apache.org/maven2/org/springframework/spring-context/7.0.5/spring-context-7.0.5-sources.jar
2026-03-06 23:28:41,045 [Worker-12: Download sources and javadoc] INFO  o.e.m.j.internal.DownloadSourcesJob - Downloaded sources for org.springframework:spring-context:7.0.5
2026-03-06 23:28:41,200 [Worker-12: Download sources and javadoc] INFO  o.e.m.c.i.e.AbstractTransferListenerAdapter - Downloading https://repo.maven.apache.org/maven2/org/springframework/spring-tx/7.0.5/spring-tx-7.0.5-sources.jar
2026-03-06 23:28:41,322 [Worker-12: Download sources and javadoc] INFO  o.e.m.c.i.e.AbstractTransferListenerAdapter - Downloaded https://repo.maven.apache.org/maven2/org/springframework/spring-tx/7.0.5/spring-tx-7.0.5-sources.jar
2026-03-06 23:28:41,324 [Worker-12: Download sources and javadoc] INFO  o.e.m.j.internal.DownloadSourcesJob - Downloaded sources for org.springframework:spring-tx:7.0.5
2026-03-06 23:28:41,423 [Worker-12: Download sources and javadoc] INFO  o.e.m.c.i.e.AbstractTransferListenerAdapter - Downloading https://repo.maven.apache.org/maven2/org/antlr/antlr4-runtime/4.13.2/antlr4-runtime-4.13.2-sources.jar
2026-03-06 23:28:41,515 [Worker-12: Download sources and javadoc] INFO  o.e.m.c.i.e.AbstractTransferListenerAdapter - Downloaded https://repo.maven.apache.org/maven2/org/antlr/antlr4-runtime/4.13.2/antlr4-runtime-4.13.2-sources.jar
2026-03-06 23:28:41,519 [Worker-12: Download sources and javadoc] INFO  o.e.m.j.internal.DownloadSourcesJob - Downloaded sources for org.antlr:antlr4-runtime:4.13.2
2026-03-06 23:28:41,615 [Worker-12: Download sources and javadoc] INFO  o.e.m.c.i.e.AbstractTransferListenerAdapter - Downloading https://repo.maven.apache.org/maven2/org/springframework/spring-aspects/7.0.5/spring-aspects-7.0.5-sources.jar
2026-03-06 23:28:41,628 [Worker-12: Download sources and javadoc] INFO  o.e.m.c.i.e.AbstractTransferListenerAdapter - Downloaded https://repo.maven.apache.org/maven2/org/springframework/spring-aspects/7.0.5/spring-aspects-7.0.5-sources.jar
2026-03-06 23:28:41,633 [Worker-12: Download sources and javadoc] INFO  o.e.m.j.internal.DownloadSourcesJob - Downloaded sources for org.springframework:spring-aspects:7.0.5
2026-03-06 23:28:41,784 [Worker-12: Download sources and javadoc] INFO  o.e.m.c.i.e.AbstractTransferListenerAdapter - Downloading https://repo.maven.apache.org/maven2/org/aspectj/aspectjweaver/1.9.25.1/aspectjweaver-1.9.25.1-sources.jar
2026-03-06 23:28:42,209 [Worker-12: Download sources and javadoc] INFO  o.e.m.c.i.e.AbstractTransferListenerAdapter - Downloaded https://repo.maven.apache.org/maven2/org/aspectj/aspectjweaver/1.9.25.1/aspectjweaver-1.9.25.1-sources.jar
2026-03-06 23:28:42,212 [Worker-12: Download sources and javadoc] INFO  o.e.m.j.internal.DownloadSourcesJob - Downloaded sources for org.aspectj:aspectjweaver:1.9.25.1
2026-03-06 23:28:42,320 [Worker-12: Download sources and javadoc] INFO  o.e.m.c.i.e.AbstractTransferListenerAdapter - Downloading https://repo.maven.apache.org/maven2/org/springframework/boot/spring-boot-jdbc/4.0.3/spring-boot-jdbc-4.0.3-sources.jar
2026-03-06 23:28:42,358 [Worker-12: Download sources and javadoc] INFO  o.e.m.c.i.e.AbstractTransferListenerAdapter - Downloaded https://repo.maven.apache.org/maven2/org/springframework/boot/spring-boot-jdbc/4.0.3/spring-boot-jdbc-4.0.3-sources.jar
2026-03-06 23:28:42,362 [Worker-12: Download sources and javadoc] INFO  o.e.m.j.internal.DownloadSourcesJob - Downloaded sources for org.springframework.boot:spring-boot-jdbc:4.0.3
2026-03-06 23:28:42,515 [Worker-12: Download sources and javadoc] INFO  o.e.m.c.i.e.AbstractTransferListenerAdapter - Downloading https://repo.maven.apache.org/maven2/org/springframework/boot/spring-boot/4.0.3/spring-boot-4.0.3-sources.jar
2026-03-06 23:28:42,748 [Worker-12: Download sources and javadoc] INFO  o.e.m.c.i.e.AbstractTransferListenerAdapter - Downloaded https://repo.maven.apache.org/maven2/org/springframework/boot/spring-boot/4.0.3/spring-boot-4.0.3-sources.jar
2026-03-06 23:28:42,751 [Worker-12: Download sources and javadoc] INFO  o.e.m.j.internal.DownloadSourcesJob - Downloaded sources for org.springframework.boot:spring-boot:4.0.3
2026-03-06 23:28:42,846 [Worker-12: Download sources and javadoc] INFO  o.e.m.c.i.e.AbstractTransferListenerAdapter - Downloading https://repo.maven.apache.org/maven2/org/springframework/boot/spring-boot-sql/4.0.3/spring-boot-sql-4.0.3-sources.jar
2026-03-06 23:28:42,858 [Worker-12: Download sources and javadoc] INFO  o.e.m.c.i.e.AbstractTransferListenerAdapter - Downloaded https://repo.maven.apache.org/maven2/org/springframework/boot/spring-boot-sql/4.0.3/spring-boot-sql-4.0.3-sources.jar
2026-03-06 23:28:42,862 [Worker-12: Download sources and javadoc] INFO  o.e.m.j.internal.DownloadSourcesJob - Downloaded sources for org.springframework.boot:spring-boot-sql:4.0.3
2026-03-06 23:28:42,952 [Worker-12: Download sources and javadoc] INFO  o.e.m.c.i.e.AbstractTransferListenerAdapter - Downloading https://repo.maven.apache.org/maven2/org/springframework/boot/spring-boot-transaction/4.0.3/spring-boot-transaction-4.0.3-sources.jar
2026-03-06 23:28:42,957 [Worker-12: Download sources and javadoc] INFO  o.e.m.c.i.e.AbstractTransferListenerAdapter - Downloaded https://repo.maven.apache.org/maven2/org/springframework/boot/spring-boot-transaction/4.0.3/spring-boot-transaction-4.0.3-sources.jar
2026-03-06 23:28:42,961 [Worker-12: Download sources and javadoc] INFO  o.e.m.j.internal.DownloadSourcesJob - Downloaded sources for org.springframework.boot:spring-boot-transaction:4.0.3
2026-03-06 23:28:43,093 [Worker-12: Download sources and javadoc] INFO  o.e.m.c.i.e.AbstractTransferListenerAdapter - Downloading https://repo.maven.apache.org/maven2/org/springframework/spring-jdbc/7.0.5/spring-jdbc-7.0.5-sources.jar
2026-03-06 23:28:43,248 [Worker-12: Download sources and javadoc] INFO  o.e.m.c.i.e.AbstractTransferListenerAdapter - Downloaded https://repo.maven.apache.org/maven2/org/springframework/spring-jdbc/7.0.5/spring-jdbc-7.0.5-sources.jar
2026-03-06 23:28:43,251 [Worker-12: Download sources and javadoc] INFO  o.e.m.j.internal.DownloadSourcesJob - Downloaded sources for org.springframework:spring-jdbc:7.0.5
2026-03-06 23:28:43,337 [Worker-12: Download sources and javadoc] INFO  o.e.m.c.i.e.AbstractTransferListenerAdapter - Downloading https://repo.maven.apache.org/maven2/org/springframework/boot/spring-boot-starter-security/4.0.3/spring-boot-starter-security-4.0.3-sources.jar
2026-03-06 23:28:43,341 [Worker-12: Download sources and javadoc] INFO  o.e.m.c.i.e.AbstractTransferListenerAdapter - Downloaded https://repo.maven.apache.org/maven2/org/springframework/boot/spring-boot-starter-security/4.0.3/spring-boot-starter-security-4.0.3-sources.jar
2026-03-06 23:28:43,343 [Worker-12: Download sources and javadoc] INFO  o.e.m.j.internal.DownloadSourcesJob - Downloaded sources for org.springframework.boot:spring-boot-starter-security:4.0.3
2026-03-06 23:28:43,495 [Worker-12: Download sources and javadoc] INFO  o.e.m.c.i.e.AbstractTransferListenerAdapter - Downloading https://repo.maven.apache.org/maven2/org/springframework/boot/spring-boot-security/4.0.3/spring-boot-security-4.0.3-sources.jar
2026-03-06 23:28:43,510 [Worker-12: Download sources and javadoc] INFO  o.e.m.c.i.e.AbstractTransferListenerAdapter - Downloaded https://repo.maven.apache.org/maven2/org/springframework/boot/spring-boot-security/4.0.3/spring-boot-security-4.0.3-sources.jar
2026-03-06 23:28:43,514 [Worker-12: Download sources and javadoc] INFO  o.e.m.j.internal.DownloadSourcesJob - Downloaded sources for org.springframework.boot:spring-boot-security:4.0.3
2026-03-06 23:28:43,642 [Worker-12: Download sources and javadoc] INFO  o.e.m.c.i.e.AbstractTransferListenerAdapter - Downloading https://repo.maven.apache.org/maven2/org/springframework/security/spring-security-config/7.0.3/spring-security-config-7.0.3-sources.jar
2026-03-06 23:28:44,070 [Worker-12: Download sources and javadoc] INFO  o.e.m.c.i.e.AbstractTransferListenerAdapter - Downloaded https://repo.maven.apache.org/maven2/org/springframework/security/spring-security-config/7.0.3/spring-security-config-7.0.3-sources.jar
2026-03-06 23:28:44,076 [Worker-12: Download sources and javadoc] INFO  o.e.m.j.internal.DownloadSourcesJob - Downloaded sources for org.springframework.security:spring-security-config:7.0.3
2026-03-06 23:28:44,230 [Worker-12: Download sources and javadoc] INFO  o.e.m.c.i.e.AbstractTransferListenerAdapter - Downloading https://repo.maven.apache.org/maven2/org/springframework/security/spring-security-core/7.0.3/spring-security-core-7.0.3-sources.jar
2026-03-06 23:28:44,409 [Worker-12: Download sources and javadoc] INFO  o.e.m.c.i.e.AbstractTransferListenerAdapter - Downloaded https://repo.maven.apache.org/maven2/org/springframework/security/spring-security-core/7.0.3/spring-security-core-7.0.3-sources.jar
2026-03-06 23:28:44,415 [Worker-12: Download sources and javadoc] INFO  o.e.m.j.internal.DownloadSourcesJob - Downloaded sources for org.springframework.security:spring-security-core:7.0.3
2026-03-06 23:28:44,525 [Worker-12: Download sources and javadoc] INFO  o.e.m.c.i.e.AbstractTransferListenerAdapter - Downloading https://repo.maven.apache.org/maven2/org/springframework/security/spring-security-crypto/7.0.3/spring-security-crypto-7.0.3-sources.jar
2026-03-06 23:28:44,560 [Worker-12: Download sources and javadoc] INFO  o.e.m.c.i.e.AbstractTransferListenerAdapter - Downloaded https://repo.maven.apache.org/maven2/org/springframework/security/spring-security-crypto/7.0.3/spring-security-crypto-7.0.3-sources.jar
2026-03-06 23:28:44,565 [Worker-12: Download sources and javadoc] INFO  o.e.m.j.internal.DownloadSourcesJob - Downloaded sources for org.springframework.security:spring-security-crypto:7.0.3
2026-03-06 23:28:44,715 [Worker-12: Download sources and javadoc] INFO  o.e.m.c.i.e.AbstractTransferListenerAdapter - Downloading https://repo.maven.apache.org/maven2/org/springframework/security/spring-security-web/7.0.3/spring-security-web-7.0.3-sources.jar
2026-03-06 23:28:44,961 [Worker-12: Download sources and javadoc] INFO  o.e.m.c.i.e.AbstractTransferListenerAdapter - Downloaded https://repo.maven.apache.org/maven2/org/springframework/security/spring-security-web/7.0.3/spring-security-web-7.0.3-sources.jar
2026-03-06 23:28:44,966 [Worker-12: Download sources and javadoc] INFO  o.e.m.j.internal.DownloadSourcesJob - Downloaded sources for org.springframework.security:spring-security-web:7.0.3
2026-03-06 23:28:45,115 [Worker-12: Download sources and javadoc] INFO  o.e.m.c.i.e.AbstractTransferListenerAdapter - Downloading https://repo.maven.apache.org/maven2/org/springframework/spring-expression/7.0.5/spring-expression-7.0.5-sources.jar
2026-03-06 23:28:45,210 [Worker-12: Download sources and javadoc] INFO  o.e.m.c.i.e.AbstractTransferListenerAdapter - Downloaded https://repo.maven.apache.org/maven2/org/springframework/spring-expression/7.0.5/spring-expression-7.0.5-sources.jar
2026-03-06 23:28:45,213 [Worker-12: Download sources and javadoc] INFO  o.e.m.j.internal.DownloadSourcesJob - Downloaded sources for org.springframework:spring-expression:7.0.5
2026-03-06 23:28:45,308 [Worker-12: Download sources and javadoc] INFO  o.e.m.c.i.e.AbstractTransferListenerAdapter - Downloading https://repo.maven.apache.org/maven2/org/springframework/spring-aop/7.0.5/spring-aop-7.0.5-sources.jar
2026-03-06 23:28:45,406 [Worker-12: Download sources and javadoc] INFO  o.e.m.c.i.e.AbstractTransferListenerAdapter - Downloaded https://repo.maven.apache.org/maven2/org/springframework/spring-aop/7.0.5/spring-aop-7.0.5-sources.jar
2026-03-06 23:28:45,408 [Worker-12: Download sources and javadoc] INFO  o.e.m.j.internal.DownloadSourcesJob - Downloaded sources for org.springframework:spring-aop:7.0.5
2026-03-06 23:28:45,501 [Worker-12: Download sources and javadoc] INFO  o.e.m.c.i.e.AbstractTransferListenerAdapter - Downloading https://repo.maven.apache.org/maven2/org/springframework/spring-beans/7.0.5/spring-beans-7.0.5-sources.jar
2026-03-06 23:28:45,656 [Worker-12: Download sources and javadoc] INFO  o.e.m.c.i.e.AbstractTransferListenerAdapter - Downloaded https://repo.maven.apache.org/maven2/org/springframework/spring-beans/7.0.5/spring-beans-7.0.5-sources.jar
2026-03-06 23:28:45,659 [Worker-12: Download sources and javadoc] INFO  o.e.m.j.internal.DownloadSourcesJob - Downloaded sources for org.springframework:spring-beans:7.0.5
2026-03-06 23:28:45,750 [Worker-12: Download sources and javadoc] INFO  o.e.m.c.i.e.AbstractTransferListenerAdapter - Downloading https://repo.maven.apache.org/maven2/org/springframework/spring-core/7.0.5/spring-core-7.0.5-sources.jar
2026-03-06 23:28:46,067 [Worker-12: Download sources and javadoc] INFO  o.e.m.c.i.e.AbstractTransferListenerAdapter - Downloaded https://repo.maven.apache.org/maven2/org/springframework/spring-core/7.0.5/spring-core-7.0.5-sources.jar
2026-03-06 23:28:46,070 [Worker-12: Download sources and javadoc] INFO  o.e.m.j.internal.DownloadSourcesJob - Downloaded sources for org.springframework:spring-core:7.0.5
2026-03-06 23:28:46,285 [Worker-12: Download sources and javadoc] INFO  o.e.m.c.i.e.AbstractTransferListenerAdapter - Downloading https://repo.maven.apache.org/maven2/commons-logging/commons-logging/1.3.5/commons-logging-1.3.5-sources.jar
2026-03-06 23:28:46,311 [Worker-12: Download sources and javadoc] INFO  o.e.m.c.i.e.AbstractTransferListenerAdapter - Downloaded https://repo.maven.apache.org/maven2/commons-logging/commons-logging/1.3.5/commons-logging-1.3.5-sources.jar
2026-03-06 23:28:46,314 [Worker-12: Download sources and javadoc] INFO  o.e.m.j.internal.DownloadSourcesJob - Downloaded sources for commons-logging:commons-logging:1.3.5
2026-03-06 23:28:46,494 [Worker-12: Download sources and javadoc] INFO  o.e.m.c.i.e.AbstractTransferListenerAdapter - Downloading https://repo.maven.apache.org/maven2/org/jspecify/jspecify/1.0.0/jspecify-1.0.0-sources.jar
2026-03-06 23:28:46,498 [Worker-12: Download sources and javadoc] INFO  o.e.m.c.i.e.AbstractTransferListenerAdapter - Downloaded https://repo.maven.apache.org/maven2/org/jspecify/jspecify/1.0.0/jspecify-1.0.0-sources.jar
2026-03-06 23:28:46,502 [Worker-12: Download sources and javadoc] INFO  o.e.m.j.internal.DownloadSourcesJob - Downloaded sources for org.jspecify:jspecify:1.0.0
2026-03-06 23:28:46,752 [Worker-12: Download sources and javadoc] INFO  o.e.m.c.i.e.AbstractTransferListenerAdapter - Downloading https://repo.maven.apache.org/maven2/org/springframework/boot/spring-boot-starter-validation/4.0.3/spring-boot-starter-validation-4.0.3-sources.jar
2026-03-06 23:28:46,756 [Worker-12: Download sources and javadoc] INFO  o.e.m.c.i.e.AbstractTransferListenerAdapter - Downloaded https://repo.maven.apache.org/maven2/org/springframework/boot/spring-boot-starter-validation/4.0.3/spring-boot-starter-validation-4.0.3-sources.jar
2026-03-06 23:28:46,758 [Worker-12: Download sources and javadoc] INFO  o.e.m.j.internal.DownloadSourcesJob - Downloaded sources for org.springframework.boot:spring-boot-starter-validation:4.0.3
2026-03-06 23:28:46,976 [Worker-12: Download sources and javadoc] INFO  o.e.m.c.i.e.AbstractTransferListenerAdapter - Downloading https://repo.maven.apache.org/maven2/org/springframework/boot/spring-boot-validation/4.0.3/spring-boot-validation-4.0.3-sources.jar
2026-03-06 23:28:46,979 [Worker-12: Download sources and javadoc] INFO  o.e.m.c.i.e.AbstractTransferListenerAdapter - Downloaded https://repo.maven.apache.org/maven2/org/springframework/boot/spring-boot-validation/4.0.3/spring-boot-validation-4.0.3-sources.jar
2026-03-06 23:28:46,981 [Worker-12: Download sources and javadoc] INFO  o.e.m.j.internal.DownloadSourcesJob - Downloaded sources for org.springframework.boot:spring-boot-validation:4.0.3
2026-03-06 23:28:47,079 [Worker-12: Download sources and javadoc] INFO  o.e.m.c.i.e.AbstractTransferListenerAdapter - Downloading https://repo.maven.apache.org/maven2/org/apache/tomcat/embed/tomcat-embed-el/11.0.18/tomcat-embed-el-11.0.18-sources.jar
2026-03-06 23:28:47,267 [Worker-12: Download sources and javadoc] INFO  o.e.m.c.i.e.AbstractTransferListenerAdapter - Downloaded https://repo.maven.apache.org/maven2/org/apache/tomcat/embed/tomcat-embed-el/11.0.18/tomcat-embed-el-11.0.18-sources.jar
2026-03-06 23:28:47,271 [Worker-12: Download sources and javadoc] INFO  o.e.m.j.internal.DownloadSourcesJob - Downloaded sources for org.apache.tomcat.embed:tomcat-embed-el:11.0.18
2026-03-06 23:28:47,476 [Worker-12: Download sources and javadoc] INFO  o.e.m.c.i.e.AbstractTransferListenerAdapter - Downloading https://repo.maven.apache.org/maven2/org/hibernate/validator/hibernate-validator/9.0.1.Final/hibernate-validator-9.0.1.Final-sources.jar
2026-03-06 23:28:47,811 [Worker-12: Download sources and javadoc] INFO  o.e.m.c.i.e.AbstractTransferListenerAdapter - Downloaded https://repo.maven.apache.org/maven2/org/hibernate/validator/hibernate-validator/9.0.1.Final/hibernate-validator-9.0.1.Final-sources.jar
2026-03-06 23:28:47,816 [Worker-12: Download sources and javadoc] INFO  o.e.m.j.internal.DownloadSourcesJob - Downloaded sources for org.hibernate.validator:hibernate-validator:9.0.1.Final
2026-03-06 23:28:48,075 [Worker-12: Download sources and javadoc] INFO  o.e.m.c.i.e.AbstractTransferListenerAdapter - Downloading https://repo.maven.apache.org/maven2/jakarta/validation/jakarta.validation-api/3.1.1/jakarta.validation-api-3.1.1-sources.jar
2026-03-06 23:28:48,127 [Worker-12: Download sources and javadoc] INFO  o.e.m.c.i.e.AbstractTransferListenerAdapter - Downloaded https://repo.maven.apache.org/maven2/jakarta/validation/jakarta.validation-api/3.1.1/jakarta.validation-api-3.1.1-sources.jar
2026-03-06 23:28:48,131 [Worker-12: Download sources and javadoc] INFO  o.e.m.j.internal.DownloadSourcesJob - Downloaded sources for jakarta.validation:jakarta.validation-api:3.1.1
2026-03-06 23:28:48,325 [Worker-12: Download sources and javadoc] INFO  o.e.m.c.i.e.AbstractTransferListenerAdapter - Downloading https://repo.maven.apache.org/maven2/org/jboss/logging/jboss-logging/3.6.2.Final/jboss-logging-3.6.2.Final-sources.jar
2026-03-06 23:28:48,348 [Worker-12: Download sources and javadoc] INFO  o.e.m.c.i.e.AbstractTransferListenerAdapter - Downloaded https://repo.maven.apache.org/maven2/org/jboss/logging/jboss-logging/3.6.2.Final/jboss-logging-3.6.2.Final-sources.jar
2026-03-06 23:28:48,351 [Worker-12: Download sources and javadoc] INFO  o.e.m.j.internal.DownloadSourcesJob - Downloaded sources for org.jboss.logging:jboss-logging:3.6.2.Final
2026-03-06 23:28:48,558 [Worker-12: Download sources and javadoc] INFO  o.e.m.c.i.e.AbstractTransferListenerAdapter - Downloading https://repo.maven.apache.org/maven2/com/fasterxml/classmate/1.7.3/classmate-1.7.3-sources.jar
2026-03-06 23:28:48,589 [Worker-12: Download sources and javadoc] INFO  o.e.m.c.i.e.AbstractTransferListenerAdapter - Downloaded https://repo.maven.apache.org/maven2/com/fasterxml/classmate/1.7.3/classmate-1.7.3-sources.jar
2026-03-06 23:28:48,594 [Worker-12: Download sources and javadoc] INFO  o.e.m.j.internal.DownloadSourcesJob - Downloaded sources for com.fasterxml:classmate:1.7.3
2026-03-06 23:28:48,842 [Worker-12: Download sources and javadoc] INFO  o.e.m.c.i.e.AbstractTransferListenerAdapter - Downloading https://repo.maven.apache.org/maven2/org/springframework/boot/spring-boot-starter-webmvc/4.0.3/spring-boot-starter-webmvc-4.0.3-sources.jar
2026-03-06 23:28:48,847 [Worker-12: Download sources and javadoc] INFO  o.e.m.c.i.e.AbstractTransferListenerAdapter - Downloaded https://repo.maven.apache.org/maven2/org/springframework/boot/spring-boot-starter-webmvc/4.0.3/spring-boot-starter-webmvc-4.0.3-sources.jar
2026-03-06 23:28:48,851 [Worker-12: Download sources and javadoc] INFO  o.e.m.j.internal.DownloadSourcesJob - Downloaded sources for org.springframework.boot:spring-boot-starter-webmvc:4.0.3
2026-03-06 23:28:48,956 [Worker-12: Download sources and javadoc] INFO  o.e.m.c.i.e.AbstractTransferListenerAdapter - Downloading https://repo.maven.apache.org/maven2/org/springframework/boot/spring-boot-starter-jackson/4.0.3/spring-boot-starter-jackson-4.0.3-sources.jar
2026-03-06 23:28:48,960 [Worker-12: Download sources and javadoc] INFO  o.e.m.c.i.e.AbstractTransferListenerAdapter - Downloaded https://repo.maven.apache.org/maven2/org/springframework/boot/spring-boot-starter-jackson/4.0.3/spring-boot-starter-jackson-4.0.3-sources.jar
2026-03-06 23:28:48,963 [Worker-12: Download sources and javadoc] INFO  o.e.m.j.internal.DownloadSourcesJob - Downloaded sources for org.springframework.boot:spring-boot-starter-jackson:4.0.3
2026-03-06 23:28:49,315 [Worker-12: Download sources and javadoc] INFO  o.e.m.c.i.e.AbstractTransferListenerAdapter - Downloading https://repo.maven.apache.org/maven2/org/springframework/boot/spring-boot-jackson/4.0.3/spring-boot-jackson-4.0.3-sources.jar
2026-03-06 23:28:49,326 [Worker-12: Download sources and javadoc] INFO  o.e.m.c.i.e.AbstractTransferListenerAdapter - Downloaded https://repo.maven.apache.org/maven2/org/springframework/boot/spring-boot-jackson/4.0.3/spring-boot-jackson-4.0.3-sources.jar
2026-03-06 23:28:49,329 [Worker-12: Download sources and javadoc] INFO  o.e.m.j.internal.DownloadSourcesJob - Downloaded sources for org.springframework.boot:spring-boot-jackson:4.0.3
2026-03-06 23:28:49,464 [Worker-12: Download sources and javadoc] INFO  o.e.m.c.i.e.AbstractTransferListenerAdapter - Downloading https://repo.maven.apache.org/maven2/tools/jackson/core/jackson-databind/3.0.4/jackson-databind-3.0.4-sources.jar
2026-03-06 23:28:50,014 [Worker-12: Download sources and javadoc] INFO  o.e.m.c.i.e.AbstractTransferListenerAdapter - Downloaded https://repo.maven.apache.org/maven2/tools/jackson/core/jackson-databind/3.0.4/jackson-databind-3.0.4-sources.jar
2026-03-06 23:28:50,018 [Worker-12: Download sources and javadoc] INFO  o.e.m.j.internal.DownloadSourcesJob - Downloaded sources for tools.jackson.core:jackson-databind:3.0.4
2026-03-06 23:28:50,264 [Worker-12: Download sources and javadoc] INFO  o.e.m.c.i.e.AbstractTransferListenerAdapter - Downloading https://repo.maven.apache.org/maven2/tools/jackson/core/jackson-core/3.0.4/jackson-core-3.0.4-sources.jar
2026-03-06 23:28:50,535 [Worker-12: Download sources and javadoc] INFO  o.e.m.c.i.e.AbstractTransferListenerAdapter - Downloaded https://repo.maven.apache.org/maven2/tools/jackson/core/jackson-core/3.0.4/jackson-core-3.0.4-sources.jar
2026-03-06 23:28:50,539 [Worker-12: Download sources and javadoc] INFO  o.e.m.j.internal.DownloadSourcesJob - Downloaded sources for tools.jackson.core:jackson-core:3.0.4
2026-03-06 23:28:50,716 [Worker-12: Download sources and javadoc] INFO  o.e.m.c.i.e.AbstractTransferListenerAdapter - Downloading https://repo.maven.apache.org/maven2/org/springframework/boot/spring-boot-starter-tomcat/4.0.3/spring-boot-starter-tomcat-4.0.3-sources.jar
2026-03-06 23:28:50,720 [Worker-12: Download sources and javadoc] INFO  o.e.m.c.i.e.AbstractTransferListenerAdapter - Downloaded https://repo.maven.apache.org/maven2/org/springframework/boot/spring-boot-starter-tomcat/4.0.3/spring-boot-starter-tomcat-4.0.3-sources.jar
2026-03-06 23:28:50,724 [Worker-12: Download sources and javadoc] INFO  o.e.m.j.internal.DownloadSourcesJob - Downloaded sources for org.springframework.boot:spring-boot-starter-tomcat:4.0.3
2026-03-06 23:28:50,951 [Worker-12: Download sources and javadoc] INFO  o.e.m.c.i.e.AbstractTransferListenerAdapter - Downloading https://repo.maven.apache.org/maven2/org/springframework/boot/spring-boot-starter-tomcat-runtime/4.0.3/spring-boot-starter-tomcat-runtime-4.0.3-sources.jar
2026-03-06 23:28:50,955 [Worker-12: Download sources and javadoc] INFO  o.e.m.c.i.e.AbstractTransferListenerAdapter - Downloaded https://repo.maven.apache.org/maven2/org/springframework/boot/spring-boot-starter-tomcat-runtime/4.0.3/spring-boot-starter-tomcat-runtime-4.0.3-sources.jar
2026-03-06 23:28:50,958 [Worker-12: Download sources and javadoc] INFO  o.e.m.j.internal.DownloadSourcesJob - Downloaded sources for org.springframework.boot:spring-boot-starter-tomcat-runtime:4.0.3
2026-03-06 23:28:51,048 [Worker-12: Download sources and javadoc] INFO  o.e.m.c.i.e.AbstractTransferListenerAdapter - Downloading https://repo.maven.apache.org/maven2/org/apache/tomcat/embed/tomcat-embed-core/11.0.18/tomcat-embed-core-11.0.18-sources.jar
2026-03-06 23:28:52,609 [Worker-12: Download sources and javadoc] INFO  o.e.m.c.i.e.AbstractTransferListenerAdapter - Downloaded https://repo.maven.apache.org/maven2/org/apache/tomcat/embed/tomcat-embed-core/11.0.18/tomcat-embed-core-11.0.18-sources.jar
2026-03-06 23:28:52,612 [Worker-12: Download sources and javadoc] INFO  o.e.m.j.internal.DownloadSourcesJob - Downloaded sources for org.apache.tomcat.embed:tomcat-embed-core:11.0.18
2026-03-06 23:28:52,703 [Worker-12: Download sources and javadoc] INFO  o.e.m.c.i.e.AbstractTransferListenerAdapter - Downloading https://repo.maven.apache.org/maven2/org/apache/tomcat/embed/tomcat-embed-websocket/11.0.18/tomcat-embed-websocket-11.0.18-sources.jar
2026-03-06 23:28:52,772 [Worker-12: Download sources and javadoc] INFO  o.e.m.c.i.e.AbstractTransferListenerAdapter - Downloaded https://repo.maven.apache.org/maven2/org/apache/tomcat/embed/tomcat-embed-websocket/11.0.18/tomcat-embed-websocket-11.0.18-sources.jar
2026-03-06 23:28:52,776 [Worker-12: Download sources and javadoc] INFO  o.e.m.j.internal.DownloadSourcesJob - Downloaded sources for org.apache.tomcat.embed:tomcat-embed-websocket:11.0.18
2026-03-06 23:28:52,976 [Worker-12: Download sources and javadoc] INFO  o.e.m.c.i.e.AbstractTransferListenerAdapter - Downloading https://repo.maven.apache.org/maven2/org/springframework/boot/spring-boot-tomcat/4.0.3/spring-boot-tomcat-4.0.3-sources.jar
2026-03-06 23:28:53,000 [Worker-12: Download sources and javadoc] INFO  o.e.m.c.i.e.AbstractTransferListenerAdapter - Downloaded https://repo.maven.apache.org/maven2/org/springframework/boot/spring-boot-tomcat/4.0.3/spring-boot-tomcat-4.0.3-sources.jar
2026-03-06 23:28:53,003 [Worker-12: Download sources and javadoc] INFO  o.e.m.j.internal.DownloadSourcesJob - Downloaded sources for org.springframework.boot:spring-boot-tomcat:4.0.3
2026-03-06 23:28:53,103 [Worker-12: Download sources and javadoc] INFO  o.e.m.c.i.e.AbstractTransferListenerAdapter - Downloading https://repo.maven.apache.org/maven2/org/springframework/boot/spring-boot-http-converter/4.0.3/spring-boot-http-converter-4.0.3-sources.jar
2026-03-06 23:28:53,110 [Worker-12: Download sources and javadoc] INFO  o.e.m.c.i.e.AbstractTransferListenerAdapter - Downloaded https://repo.maven.apache.org/maven2/org/springframework/boot/spring-boot-http-converter/4.0.3/spring-boot-http-converter-4.0.3-sources.jar
2026-03-06 23:28:53,113 [Worker-12: Download sources and javadoc] INFO  o.e.m.j.internal.DownloadSourcesJob - Downloaded sources for org.springframework.boot:spring-boot-http-converter:4.0.3
2026-03-06 23:28:53,196 [Worker-12: Download sources and javadoc] INFO  o.e.m.c.i.e.AbstractTransferListenerAdapter - Downloading https://repo.maven.apache.org/maven2/org/springframework/spring-web/7.0.5/spring-web-7.0.5-sources.jar
2026-03-06 23:28:53,534 [Worker-12: Download sources and javadoc] INFO  o.e.m.c.i.e.AbstractTransferListenerAdapter - Downloaded https://repo.maven.apache.org/maven2/org/springframework/spring-web/7.0.5/spring-web-7.0.5-sources.jar
2026-03-06 23:28:53,538 [Worker-12: Download sources and javadoc] INFO  o.e.m.j.internal.DownloadSourcesJob - Downloaded sources for org.springframework:spring-web:7.0.5
2026-03-06 23:28:53,690 [Worker-12: Download sources and javadoc] INFO  o.e.m.c.i.e.AbstractTransferListenerAdapter - Downloading https://repo.maven.apache.org/maven2/io/micrometer/micrometer-observation/1.16.3/micrometer-observation-1.16.3-sources.jar
2026-03-06 23:28:53,703 [Worker-12: Download sources and javadoc] INFO  o.e.m.c.i.e.AbstractTransferListenerAdapter - Downloaded https://repo.maven.apache.org/maven2/io/micrometer/micrometer-observation/1.16.3/micrometer-observation-1.16.3-sources.jar
2026-03-06 23:28:53,705 [Worker-12: Download sources and javadoc] INFO  o.e.m.j.internal.DownloadSourcesJob - Downloaded sources for io.micrometer:micrometer-observation:1.16.3
2026-03-06 23:28:53,802 [Worker-12: Download sources and javadoc] INFO  o.e.m.c.i.e.AbstractTransferListenerAdapter - Downloading https://repo.maven.apache.org/maven2/io/micrometer/micrometer-commons/1.16.3/micrometer-commons-1.16.3-sources.jar
2026-03-06 23:28:53,818 [Worker-12: Download sources and javadoc] INFO  o.e.m.c.i.e.AbstractTransferListenerAdapter - Downloaded https://repo.maven.apache.org/maven2/io/micrometer/micrometer-commons/1.16.3/micrometer-commons-1.16.3-sources.jar
2026-03-06 23:28:53,821 [Worker-12: Download sources and javadoc] INFO  o.e.m.j.internal.DownloadSourcesJob - Downloaded sources for io.micrometer:micrometer-commons:1.16.3
2026-03-06 23:28:53,929 [Worker-12: Download sources and javadoc] INFO  o.e.m.c.i.e.AbstractTransferListenerAdapter - Downloading https://repo.maven.apache.org/maven2/org/springframework/boot/spring-boot-webmvc/4.0.3/spring-boot-webmvc-4.0.3-sources.jar
2026-03-06 23:28:53,957 [Worker-12: Download sources and javadoc] INFO  o.e.m.c.i.e.AbstractTransferListenerAdapter - Downloaded https://repo.maven.apache.org/maven2/org/springframework/boot/spring-boot-webmvc/4.0.3/spring-boot-webmvc-4.0.3-sources.jar
2026-03-06 23:28:53,960 [Worker-12: Download sources and javadoc] INFO  o.e.m.j.internal.DownloadSourcesJob - Downloaded sources for org.springframework.boot:spring-boot-webmvc:4.0.3
2026-03-06 23:28:54,103 [Worker-12: Download sources and javadoc] INFO  o.e.m.c.i.e.AbstractTransferListenerAdapter - Downloading https://repo.maven.apache.org/maven2/org/springframework/boot/spring-boot-servlet/4.0.3/spring-boot-servlet-4.0.3-sources.jar
2026-03-06 23:28:54,114 [Worker-12: Download sources and javadoc] INFO  o.e.m.c.i.e.AbstractTransferListenerAdapter - Downloaded https://repo.maven.apache.org/maven2/org/springframework/boot/spring-boot-servlet/4.0.3/spring-boot-servlet-4.0.3-sources.jar
2026-03-06 23:28:54,117 [Worker-12: Download sources and javadoc] INFO  o.e.m.j.internal.DownloadSourcesJob - Downloaded sources for org.springframework.boot:spring-boot-servlet:4.0.3
2026-03-06 23:28:54,208 [Worker-12: Download sources and javadoc] INFO  o.e.m.c.i.e.AbstractTransferListenerAdapter - Downloading https://repo.maven.apache.org/maven2/org/springframework/spring-webmvc/7.0.5/spring-webmvc-7.0.5-sources.jar
2026-03-06 23:28:54,406 [Worker-12: Download sources and javadoc] INFO  o.e.m.c.i.e.AbstractTransferListenerAdapter - Downloaded https://repo.maven.apache.org/maven2/org/springframework/spring-webmvc/7.0.5/spring-webmvc-7.0.5-sources.jar
2026-03-06 23:28:54,410 [Worker-12: Download sources and javadoc] INFO  o.e.m.j.internal.DownloadSourcesJob - Downloaded sources for org.springframework:spring-webmvc:7.0.5
2026-03-06 23:28:54,554 [Worker-12: Download sources and javadoc] INFO  o.e.m.c.i.e.AbstractTransferListenerAdapter - Downloading https://repo.maven.apache.org/maven2/com/mysql/mysql-connector-j/9.6.0/mysql-connector-j-9.6.0-sources.jar
2026-03-06 23:28:55,016 [Worker-12: Download sources and javadoc] INFO  o.e.m.c.i.e.AbstractTransferListenerAdapter - Downloaded https://repo.maven.apache.org/maven2/com/mysql/mysql-connector-j/9.6.0/mysql-connector-j-9.6.0-sources.jar
2026-03-06 23:28:55,019 [Worker-12: Download sources and javadoc] INFO  o.e.m.j.internal.DownloadSourcesJob - Downloaded sources for com.mysql:mysql-connector-j:9.6.0
2026-03-06 23:28:55,147 [Worker-12: Download sources and javadoc] INFO  o.e.m.c.i.e.AbstractTransferListenerAdapter - Downloading https://repo.maven.apache.org/maven2/org/projectlombok/lombok/1.18.42/lombok-1.18.42-sources.jar
2026-03-06 23:28:55,457 [Worker-12: Download sources and javadoc] INFO  o.e.m.c.i.e.AbstractTransferListenerAdapter - Downloaded https://repo.maven.apache.org/maven2/org/projectlombok/lombok/1.18.42/lombok-1.18.42-sources.jar
2026-03-06 23:28:55,460 [Worker-12: Download sources and javadoc] INFO  o.e.m.j.internal.DownloadSourcesJob - Downloaded sources for org.projectlombok:lombok:1.18.42
2026-03-06 23:28:55,552 [Worker-12: Download sources and javadoc] INFO  o.e.m.c.i.e.AbstractTransferListenerAdapter - Downloading https://repo.maven.apache.org/maven2/org/springframework/boot/spring-boot-starter-data-jpa-test/4.0.3/spring-boot-starter-data-jpa-test-4.0.3-sources.jar
2026-03-06 23:28:55,554 [Worker-12: Download sources and javadoc] INFO  o.e.m.c.i.e.AbstractTransferListenerAdapter - Downloaded https://repo.maven.apache.org/maven2/org/springframework/boot/spring-boot-starter-data-jpa-test/4.0.3/spring-boot-starter-data-jpa-test-4.0.3-sources.jar
2026-03-06 23:28:55,557 [Worker-12: Download sources and javadoc] INFO  o.e.m.j.internal.DownloadSourcesJob - Downloaded sources for org.springframework.boot:spring-boot-starter-data-jpa-test:4.0.3
2026-03-06 23:28:55,693 [Worker-12: Download sources and javadoc] INFO  o.e.m.c.i.e.AbstractTransferListenerAdapter - Downloading https://repo.maven.apache.org/maven2/org/springframework/boot/spring-boot-starter-test/4.0.3/spring-boot-starter-test-4.0.3-sources.jar
2026-03-06 23:28:55,696 [Worker-12: Download sources and javadoc] INFO  o.e.m.c.i.e.AbstractTransferListenerAdapter - Downloaded https://repo.maven.apache.org/maven2/org/springframework/boot/spring-boot-starter-test/4.0.3/spring-boot-starter-test-4.0.3-sources.jar
2026-03-06 23:28:55,698 [Worker-12: Download sources and javadoc] INFO  o.e.m.j.internal.DownloadSourcesJob - Downloaded sources for org.springframework.boot:spring-boot-starter-test:4.0.3
2026-03-06 23:28:55,792 [Worker-12: Download sources and javadoc] INFO  o.e.m.c.i.e.AbstractTransferListenerAdapter - Downloading https://repo.maven.apache.org/maven2/org/springframework/boot/spring-boot-test/4.0.3/spring-boot-test-4.0.3-sources.jar
2026-03-06 23:28:55,835 [Worker-12: Download sources and javadoc] INFO  o.e.m.c.i.e.AbstractTransferListenerAdapter - Downloaded https://repo.maven.apache.org/maven2/org/springframework/boot/spring-boot-test/4.0.3/spring-boot-test-4.0.3-sources.jar
2026-03-06 23:28:55,839 [Worker-12: Download sources and javadoc] INFO  o.e.m.j.internal.DownloadSourcesJob - Downloaded sources for org.springframework.boot:spring-boot-test:4.0.3
2026-03-06 23:28:55,931 [Worker-12: Download sources and javadoc] INFO  o.e.m.c.i.e.AbstractTransferListenerAdapter - Downloading https://repo.maven.apache.org/maven2/org/springframework/boot/spring-boot-test-autoconfigure/4.0.3/spring-boot-test-autoconfigure-4.0.3-sources.jar
2026-03-06 23:28:55,938 [Worker-12: Download sources and javadoc] INFO  o.e.m.c.i.e.AbstractTransferListenerAdapter - Downloaded https://repo.maven.apache.org/maven2/org/springframework/boot/spring-boot-test-autoconfigure/4.0.3/spring-boot-test-autoconfigure-4.0.3-sources.jar
2026-03-06 23:28:55,942 [Worker-12: Download sources and javadoc] INFO  o.e.m.j.internal.DownloadSourcesJob - Downloaded sources for org.springframework.boot:spring-boot-test-autoconfigure:4.0.3
2026-03-06 23:28:56,036 [Worker-12: Download sources and javadoc] INFO  o.e.m.c.i.e.AbstractTransferListenerAdapter - Downloading https://repo.maven.apache.org/maven2/com/jayway/jsonpath/json-path/2.10.0/json-path-2.10.0-sources.jar
2026-03-06 23:28:56,093 [Worker-12: Download sources and javadoc] INFO  o.e.m.c.i.e.AbstractTransferListenerAdapter - Downloaded https://repo.maven.apache.org/maven2/com/jayway/jsonpath/json-path/2.10.0/json-path-2.10.0-sources.jar
2026-03-06 23:28:56,098 [Worker-12: Download sources and javadoc] INFO  o.e.m.j.internal.DownloadSourcesJob - Downloaded sources for com.jayway.jsonpath:json-path:2.10.0
2026-03-06 23:28:56,243 [Worker-12: Download sources and javadoc] INFO  o.e.m.c.i.e.AbstractTransferListenerAdapter - Downloading https://repo.maven.apache.org/maven2/jakarta/xml/bind/jakarta.xml.bind-api/4.0.4/jakarta.xml.bind-api-4.0.4-sources.jar
2026-03-06 23:28:56,335 [Worker-12: Download sources and javadoc] INFO  o.e.m.c.i.e.AbstractTransferListenerAdapter - Downloaded https://repo.maven.apache.org/maven2/jakarta/xml/bind/jakarta.xml.bind-api/4.0.4/jakarta.xml.bind-api-4.0.4-sources.jar
2026-03-06 23:28:56,339 [Worker-12: Download sources and javadoc] INFO  o.e.m.j.internal.DownloadSourcesJob - Downloaded sources for jakarta.xml.bind:jakarta.xml.bind-api:4.0.4
2026-03-06 23:28:56,444 [Worker-12: Download sources and javadoc] INFO  o.e.m.c.i.e.AbstractTransferListenerAdapter - Downloading https://repo.maven.apache.org/maven2/jakarta/activation/jakarta.activation-api/2.1.4/jakarta.activation-api-2.1.4-sources.jar
2026-03-06 23:28:56,456 [Worker-12: Download sources and javadoc] INFO  o.e.m.c.i.e.AbstractTransferListenerAdapter - Downloaded https://repo.maven.apache.org/maven2/jakarta/activation/jakarta.activation-api/2.1.4/jakarta.activation-api-2.1.4-sources.jar
2026-03-06 23:28:56,460 [Worker-12: Download sources and javadoc] INFO  o.e.m.j.internal.DownloadSourcesJob - Downloaded sources for jakarta.activation:jakarta.activation-api:2.1.4
2026-03-06 23:28:56,606 [Worker-12: Download sources and javadoc] INFO  o.e.m.c.i.e.AbstractTransferListenerAdapter - Downloading https://repo.maven.apache.org/maven2/net/minidev/json-smart/2.6.0/json-smart-2.6.0-sources.jar
2026-03-06 23:28:56,645 [Worker-12: Download sources and javadoc] INFO  o.e.m.c.i.e.AbstractTransferListenerAdapter - Downloaded https://repo.maven.apache.org/maven2/net/minidev/json-smart/2.6.0/json-smart-2.6.0-sources.jar
2026-03-06 23:28:56,648 [Worker-12: Download sources and javadoc] INFO  o.e.m.j.internal.DownloadSourcesJob - Downloaded sources for net.minidev:json-smart:2.6.0
2026-03-06 23:28:56,792 [Worker-12: Download sources and javadoc] INFO  o.e.m.c.i.e.AbstractTransferListenerAdapter - Downloading https://repo.maven.apache.org/maven2/net/minidev/accessors-smart/2.6.0/accessors-smart-2.6.0-sources.jar
2026-03-06 23:28:56,802 [Worker-12: Download sources and javadoc] INFO  o.e.m.c.i.e.AbstractTransferListenerAdapter - Downloaded https://repo.maven.apache.org/maven2/net/minidev/accessors-smart/2.6.0/accessors-smart-2.6.0-sources.jar
2026-03-06 23:28:56,804 [Worker-12: Download sources and javadoc] INFO  o.e.m.j.internal.DownloadSourcesJob - Downloaded sources for net.minidev:accessors-smart:2.6.0
2026-03-06 23:28:56,901 [Worker-12: Download sources and javadoc] INFO  o.e.m.c.i.e.AbstractTransferListenerAdapter - Downloading https://repo.maven.apache.org/maven2/org/assertj/assertj-core/3.27.7/assertj-core-3.27.7-sources.jar
2026-03-06 23:28:57,243 [Worker-12: Download sources and javadoc] INFO  o.e.m.c.i.e.AbstractTransferListenerAdapter - Downloaded https://repo.maven.apache.org/maven2/org/assertj/assertj-core/3.27.7/assertj-core-3.27.7-sources.jar
2026-03-06 23:28:57,246 [Worker-12: Download sources and javadoc] INFO  o.e.m.j.internal.DownloadSourcesJob - Downloaded sources for org.assertj:assertj-core:3.27.7
2026-03-06 23:28:57,379 [Worker-12: Download sources and javadoc] INFO  o.e.m.c.i.e.AbstractTransferListenerAdapter - Downloading https://repo.maven.apache.org/maven2/net/bytebuddy/byte-buddy/1.17.8/byte-buddy-1.17.8-sources.jar
2026-03-06 23:28:57,998 [Worker-12: Download sources and javadoc] INFO  o.e.m.c.i.e.AbstractTransferListenerAdapter - Downloaded https://repo.maven.apache.org/maven2/net/bytebuddy/byte-buddy/1.17.8/byte-buddy-1.17.8-sources.jar
2026-03-06 23:28:58,000 [Worker-12: Download sources and javadoc] INFO  o.e.m.j.internal.DownloadSourcesJob - Downloaded sources for net.bytebuddy:byte-buddy:1.17.8
2026-03-06 23:28:58,100 [Worker-12: Download sources and javadoc] INFO  o.e.m.c.i.e.AbstractTransferListenerAdapter - Downloading https://repo.maven.apache.org/maven2/org/junit/jupiter/junit-jupiter/6.0.3/junit-jupiter-6.0.3-sources.jar
2026-03-06 23:28:58,103 [Worker-12: Download sources and javadoc] INFO  o.e.m.c.i.e.AbstractTransferListenerAdapter - Downloaded https://repo.maven.apache.org/maven2/org/junit/jupiter/junit-jupiter/6.0.3/junit-jupiter-6.0.3-sources.jar
2026-03-06 23:28:58,106 [Worker-12: Download sources and javadoc] INFO  o.e.m.j.internal.DownloadSourcesJob - Downloaded sources for org.junit.jupiter:junit-jupiter:6.0.3
2026-03-06 23:28:58,242 [Worker-12: Download sources and javadoc] INFO  o.e.m.c.i.e.AbstractTransferListenerAdapter - Downloading https://repo.maven.apache.org/maven2/org/junit/jupiter/junit-jupiter-api/6.0.3/junit-jupiter-api-6.0.3-sources.jar
2026-03-06 23:28:58,344 [Worker-12: Download sources and javadoc] INFO  o.e.m.c.i.e.AbstractTransferListenerAdapter - Downloaded https://repo.maven.apache.org/maven2/org/junit/jupiter/junit-jupiter-api/6.0.3/junit-jupiter-api-6.0.3-sources.jar
2026-03-06 23:28:58,347 [Worker-12: Download sources and javadoc] INFO  o.e.m.j.internal.DownloadSourcesJob - Downloaded sources for org.junit.jupiter:junit-jupiter-api:6.0.3
2026-03-06 23:28:58,442 [Worker-12: Download sources and javadoc] INFO  o.e.m.c.i.e.AbstractTransferListenerAdapter - Downloading https://repo.maven.apache.org/maven2/org/junit/platform/junit-platform-commons/6.0.3/junit-platform-commons-6.0.3-sources.jar
2026-03-06 23:28:58,479 [Worker-12: Download sources and javadoc] INFO  o.e.m.c.i.e.AbstractTransferListenerAdapter - Downloaded https://repo.maven.apache.org/maven2/org/junit/platform/junit-platform-commons/6.0.3/junit-platform-commons-6.0.3-sources.jar
2026-03-06 23:28:58,482 [Worker-12: Download sources and javadoc] INFO  o.e.m.j.internal.DownloadSourcesJob - Downloaded sources for org.junit.platform:junit-platform-commons:6.0.3
2026-03-06 23:28:58,615 [Worker-12: Download sources and javadoc] INFO  o.e.m.c.i.e.AbstractTransferListenerAdapter - Downloading https://repo.maven.apache.org/maven2/org/junit/jupiter/junit-jupiter-params/6.0.3/junit-jupiter-params-6.0.3-sources.jar
2026-03-06 23:28:58,692 [Worker-12: Download sources and javadoc] INFO  o.e.m.c.i.e.AbstractTransferListenerAdapter - Downloaded https://repo.maven.apache.org/maven2/org/junit/jupiter/junit-jupiter-params/6.0.3/junit-jupiter-params-6.0.3-sources.jar
2026-03-06 23:28:58,696 [Worker-12: Download sources and javadoc] INFO  o.e.m.j.internal.DownloadSourcesJob - Downloaded sources for org.junit.jupiter:junit-jupiter-params:6.0.3
2026-03-06 23:28:58,790 [Worker-12: Download sources and javadoc] INFO  o.e.m.c.i.e.AbstractTransferListenerAdapter - Downloading https://repo.maven.apache.org/maven2/org/junit/jupiter/junit-jupiter-engine/6.0.3/junit-jupiter-engine-6.0.3-sources.jar
2026-03-06 23:28:58,846 [Worker-12: Download sources and javadoc] INFO  o.e.m.c.i.e.AbstractTransferListenerAdapter - Downloaded https://repo.maven.apache.org/maven2/org/junit/jupiter/junit-jupiter-engine/6.0.3/junit-jupiter-engine-6.0.3-sources.jar
2026-03-06 23:28:58,850 [Worker-12: Download sources and javadoc] INFO  o.e.m.j.internal.DownloadSourcesJob - Downloaded sources for org.junit.jupiter:junit-jupiter-engine:6.0.3
2026-03-06 23:28:58,945 [Worker-12: Download sources and javadoc] INFO  o.e.m.c.i.e.AbstractTransferListenerAdapter - Downloading https://repo.maven.apache.org/maven2/org/junit/platform/junit-platform-engine/6.0.3/junit-platform-engine-6.0.3-sources.jar
2026-03-06 23:28:58,998 [Worker-12: Download sources and javadoc] INFO  o.e.m.c.i.e.AbstractTransferListenerAdapter - Downloaded https://repo.maven.apache.org/maven2/org/junit/platform/junit-platform-engine/6.0.3/junit-platform-engine-6.0.3-sources.jar
2026-03-06 23:28:59,001 [Worker-12: Download sources and javadoc] INFO  o.e.m.j.internal.DownloadSourcesJob - Downloaded sources for org.junit.platform:junit-platform-engine:6.0.3
2026-03-06 23:28:59,116 [Worker-12: Download sources and javadoc] INFO  o.e.m.c.i.e.AbstractTransferListenerAdapter - Downloading https://repo.maven.apache.org/maven2/org/mockito/mockito-core/5.20.0/mockito-core-5.20.0-sources.jar
2026-03-06 23:28:59,302 [Worker-12: Download sources and javadoc] INFO  o.e.m.c.i.e.AbstractTransferListenerAdapter - Downloaded https://repo.maven.apache.org/maven2/org/mockito/mockito-core/5.20.0/mockito-core-5.20.0-sources.jar
2026-03-06 23:28:59,305 [Worker-12: Download sources and javadoc] INFO  o.e.m.j.internal.DownloadSourcesJob - Downloaded sources for org.mockito:mockito-core:5.20.0
2026-03-06 23:28:59,455 [Worker-12: Download sources and javadoc] INFO  o.e.m.c.i.e.AbstractTransferListenerAdapter - Downloading https://repo.maven.apache.org/maven2/net/bytebuddy/byte-buddy-agent/1.17.8/byte-buddy-agent-1.17.8-sources.jar
2026-03-06 23:28:59,558 [Worker-12: Download sources and javadoc] INFO  o.e.m.c.i.e.AbstractTransferListenerAdapter - Downloaded https://repo.maven.apache.org/maven2/net/bytebuddy/byte-buddy-agent/1.17.8/byte-buddy-agent-1.17.8-sources.jar
2026-03-06 23:28:59,564 [Worker-12: Download sources and javadoc] INFO  o.e.m.j.internal.DownloadSourcesJob - Downloaded sources for net.bytebuddy:byte-buddy-agent:1.17.8
2026-03-06 23:28:59,692 [Worker-12: Download sources and javadoc] INFO  o.e.m.c.i.e.AbstractTransferListenerAdapter - Downloading https://repo.maven.apache.org/maven2/org/mockito/mockito-junit-jupiter/5.20.0/mockito-junit-jupiter-5.20.0-sources.jar
2026-03-06 23:28:59,696 [Worker-12: Download sources and javadoc] INFO  o.e.m.c.i.e.AbstractTransferListenerAdapter - Downloaded https://repo.maven.apache.org/maven2/org/mockito/mockito-junit-jupiter/5.20.0/mockito-junit-jupiter-5.20.0-sources.jar
2026-03-06 23:28:59,699 [Worker-12: Download sources and javadoc] INFO  o.e.m.j.internal.DownloadSourcesJob - Downloaded sources for org.mockito:mockito-junit-jupiter:5.20.0
2026-03-06 23:28:59,832 [Worker-12: Download sources and javadoc] INFO  o.e.m.c.i.e.AbstractTransferListenerAdapter - Downloading https://repo.maven.apache.org/maven2/org/springframework/spring-test/7.0.5/spring-test-7.0.5-sources.jar
2026-03-06 23:29:00,063 [Worker-12: Download sources and javadoc] INFO  o.e.m.c.i.e.AbstractTransferListenerAdapter - Downloaded https://repo.maven.apache.org/maven2/org/springframework/spring-test/7.0.5/spring-test-7.0.5-sources.jar
2026-03-06 23:29:00,066 [Worker-12: Download sources and javadoc] INFO  o.e.m.j.internal.DownloadSourcesJob - Downloaded sources for org.springframework:spring-test:7.0.5
2026-03-06 23:29:00,212 [Worker-12: Download sources and javadoc] INFO  o.e.m.c.i.e.AbstractTransferListenerAdapter - Downloading https://repo.maven.apache.org/maven2/org/xmlunit/xmlunit-core/2.10.4/xmlunit-core-2.10.4-sources.jar
2026-03-06 23:29:00,261 [Worker-12: Download sources and javadoc] INFO  o.e.m.c.i.e.AbstractTransferListenerAdapter - Downloaded https://repo.maven.apache.org/maven2/org/xmlunit/xmlunit-core/2.10.4/xmlunit-core-2.10.4-sources.jar
2026-03-06 23:29:00,264 [Worker-12: Download sources and javadoc] INFO  o.e.m.j.internal.DownloadSourcesJob - Downloaded sources for org.xmlunit:xmlunit-core:2.10.4
2026-03-06 23:29:00,401 [Worker-12: Download sources and javadoc] INFO  o.e.m.c.i.e.AbstractTransferListenerAdapter - Downloading https://repo.maven.apache.org/maven2/org/springframework/boot/spring-boot-starter-jdbc-test/4.0.3/spring-boot-starter-jdbc-test-4.0.3-sources.jar
2026-03-06 23:29:00,411 [Worker-12: Download sources and javadoc] INFO  o.e.m.c.i.e.AbstractTransferListenerAdapter - Downloaded https://repo.maven.apache.org/maven2/org/springframework/boot/spring-boot-starter-jdbc-test/4.0.3/spring-boot-starter-jdbc-test-4.0.3-sources.jar
2026-03-06 23:29:00,418 [Worker-12: Download sources and javadoc] INFO  o.e.m.j.internal.DownloadSourcesJob - Downloaded sources for org.springframework.boot:spring-boot-starter-jdbc-test:4.0.3
2026-03-06 23:29:00,516 [Worker-12: Download sources and javadoc] INFO  o.e.m.c.i.e.AbstractTransferListenerAdapter - Downloading https://repo.maven.apache.org/maven2/org/springframework/boot/spring-boot-jdbc-test/4.0.3/spring-boot-jdbc-test-4.0.3-sources.jar
2026-03-06 23:29:00,523 [Worker-12: Download sources and javadoc] INFO  o.e.m.c.i.e.AbstractTransferListenerAdapter - Downloaded https://repo.maven.apache.org/maven2/org/springframework/boot/spring-boot-jdbc-test/4.0.3/spring-boot-jdbc-test-4.0.3-sources.jar
2026-03-06 23:29:00,527 [Worker-12: Download sources and javadoc] INFO  o.e.m.j.internal.DownloadSourcesJob - Downloaded sources for org.springframework.boot:spring-boot-jdbc-test:4.0.3
2026-03-06 23:29:00,617 [Worker-12: Download sources and javadoc] INFO  o.e.m.c.i.e.AbstractTransferListenerAdapter - Downloading https://repo.maven.apache.org/maven2/org/springframework/boot/spring-boot-data-jpa-test/4.0.3/spring-boot-data-jpa-test-4.0.3-sources.jar
2026-03-06 23:29:00,620 [Worker-12: Download sources and javadoc] INFO  o.e.m.c.i.e.AbstractTransferListenerAdapter - Downloaded https://repo.maven.apache.org/maven2/org/springframework/boot/spring-boot-data-jpa-test/4.0.3/spring-boot-data-jpa-test-4.0.3-sources.jar
2026-03-06 23:29:00,623 [Worker-12: Download sources and javadoc] INFO  o.e.m.j.internal.DownloadSourcesJob - Downloaded sources for org.springframework.boot:spring-boot-data-jpa-test:4.0.3
2026-03-06 23:29:00,770 [Worker-12: Download sources and javadoc] INFO  o.e.m.c.i.e.AbstractTransferListenerAdapter - Downloading https://repo.maven.apache.org/maven2/org/springframework/boot/spring-boot-jpa-test/4.0.3/spring-boot-jpa-test-4.0.3-sources.jar
2026-03-06 23:29:00,776 [Worker-12: Download sources and javadoc] INFO  o.e.m.c.i.e.AbstractTransferListenerAdapter - Downloaded https://repo.maven.apache.org/maven2/org/springframework/boot/spring-boot-jpa-test/4.0.3/spring-boot-jpa-test-4.0.3-sources.jar
2026-03-06 23:29:00,781 [Worker-12: Download sources and javadoc] INFO  o.e.m.j.internal.DownloadSourcesJob - Downloaded sources for org.springframework.boot:spring-boot-jpa-test:4.0.3
2026-03-06 23:29:00,922 [Worker-12: Download sources and javadoc] INFO  o.e.m.c.i.e.AbstractTransferListenerAdapter - Downloading https://repo.maven.apache.org/maven2/org/springframework/boot/spring-boot-starter-security-test/4.0.3/spring-boot-starter-security-test-4.0.3-sources.jar
2026-03-06 23:29:00,931 [Worker-12: Download sources and javadoc] INFO  o.e.m.c.i.e.AbstractTransferListenerAdapter - Downloaded https://repo.maven.apache.org/maven2/org/springframework/boot/spring-boot-starter-security-test/4.0.3/spring-boot-starter-security-test-4.0.3-sources.jar
2026-03-06 23:29:00,936 [Worker-12: Download sources and javadoc] INFO  o.e.m.j.internal.DownloadSourcesJob - Downloaded sources for org.springframework.boot:spring-boot-starter-security-test:4.0.3
2026-03-06 23:29:01,082 [Worker-12: Download sources and javadoc] INFO  o.e.m.c.i.e.AbstractTransferListenerAdapter - Downloading https://repo.maven.apache.org/maven2/org/springframework/boot/spring-boot-security-test/4.0.3/spring-boot-security-test-4.0.3-sources.jar
2026-03-06 23:29:01,087 [Worker-12: Download sources and javadoc] INFO  o.e.m.c.i.e.AbstractTransferListenerAdapter - Downloaded https://repo.maven.apache.org/maven2/org/springframework/boot/spring-boot-security-test/4.0.3/spring-boot-security-test-4.0.3-sources.jar
2026-03-06 23:29:01,090 [Worker-12: Download sources and javadoc] INFO  o.e.m.j.internal.DownloadSourcesJob - Downloaded sources for org.springframework.boot:spring-boot-security-test:4.0.3
2026-03-06 23:29:01,184 [Worker-12: Download sources and javadoc] INFO  o.e.m.c.i.e.AbstractTransferListenerAdapter - Downloading https://repo.maven.apache.org/maven2/org/springframework/security/spring-security-test/7.0.3/spring-security-test-7.0.3-sources.jar
2026-03-06 23:29:01,209 [Worker-12: Download sources and javadoc] INFO  o.e.m.c.i.e.AbstractTransferListenerAdapter - Downloaded https://repo.maven.apache.org/maven2/org/springframework/security/spring-security-test/7.0.3/spring-security-test-7.0.3-sources.jar
2026-03-06 23:29:01,212 [Worker-12: Download sources and javadoc] INFO  o.e.m.j.internal.DownloadSourcesJob - Downloaded sources for org.springframework.security:spring-security-test:7.0.3
2026-03-06 23:29:01,310 [Worker-12: Download sources and javadoc] INFO  o.e.m.c.i.e.AbstractTransferListenerAdapter - Downloading https://repo.maven.apache.org/maven2/org/springframework/boot/spring-boot-starter-validation-test/4.0.3/spring-boot-starter-validation-test-4.0.3-sources.jar
2026-03-06 23:29:01,314 [Worker-12: Download sources and javadoc] INFO  o.e.m.c.i.e.AbstractTransferListenerAdapter - Downloaded https://repo.maven.apache.org/maven2/org/springframework/boot/spring-boot-starter-validation-test/4.0.3/spring-boot-starter-validation-test-4.0.3-sources.jar
2026-03-06 23:29:01,319 [Worker-12: Download sources and javadoc] INFO  o.e.m.j.internal.DownloadSourcesJob - Downloaded sources for org.springframework.boot:spring-boot-starter-validation-test:4.0.3
2026-03-06 23:29:01,419 [Worker-12: Download sources and javadoc] INFO  o.e.m.c.i.e.AbstractTransferListenerAdapter - Downloading https://repo.maven.apache.org/maven2/org/springframework/boot/spring-boot-starter-webmvc-test/4.0.3/spring-boot-starter-webmvc-test-4.0.3-sources.jar
2026-03-06 23:29:01,425 [Worker-12: Download sources and javadoc] INFO  o.e.m.c.i.e.AbstractTransferListenerAdapter - Downloaded https://repo.maven.apache.org/maven2/org/springframework/boot/spring-boot-starter-webmvc-test/4.0.3/spring-boot-starter-webmvc-test-4.0.3-sources.jar
2026-03-06 23:29:01,432 [Worker-12: Download sources and javadoc] INFO  o.e.m.j.internal.DownloadSourcesJob - Downloaded sources for org.springframework.boot:spring-boot-starter-webmvc-test:4.0.3
2026-03-06 23:29:01,576 [Worker-12: Download sources and javadoc] INFO  o.e.m.c.i.e.AbstractTransferListenerAdapter - Downloading https://repo.maven.apache.org/maven2/org/springframework/boot/spring-boot-starter-jackson-test/4.0.3/spring-boot-starter-jackson-test-4.0.3-sources.jar
2026-03-06 23:29:01,580 [Worker-12: Download sources and javadoc] INFO  o.e.m.c.i.e.AbstractTransferListenerAdapter - Downloaded https://repo.maven.apache.org/maven2/org/springframework/boot/spring-boot-starter-jackson-test/4.0.3/spring-boot-starter-jackson-test-4.0.3-sources.jar
2026-03-06 23:29:01,582 [Worker-12: Download sources and javadoc] INFO  o.e.m.j.internal.DownloadSourcesJob - Downloaded sources for org.springframework.boot:spring-boot-starter-jackson-test:4.0.3
2026-03-06 23:29:01,726 [Worker-12: Download sources and javadoc] INFO  o.e.m.c.i.e.AbstractTransferListenerAdapter - Downloading https://repo.maven.apache.org/maven2/org/springframework/boot/spring-boot-webmvc-test/4.0.3/spring-boot-webmvc-test-4.0.3-sources.jar
2026-03-06 23:29:01,730 [Worker-12: Download sources and javadoc] INFO  o.e.m.c.i.e.AbstractTransferListenerAdapter - Downloaded https://repo.maven.apache.org/maven2/org/springframework/boot/spring-boot-webmvc-test/4.0.3/spring-boot-webmvc-test-4.0.3-sources.jar
2026-03-06 23:29:01,734 [Worker-12: Download sources and javadoc] INFO  o.e.m.j.internal.DownloadSourcesJob - Downloaded sources for org.springframework.boot:spring-boot-webmvc-test:4.0.3
2026-03-06 23:29:01,877 [Worker-12: Download sources and javadoc] INFO  o.e.m.c.i.e.AbstractTransferListenerAdapter - Downloading https://repo.maven.apache.org/maven2/org/springframework/boot/spring-boot-web-server/4.0.3/spring-boot-web-server-4.0.3-sources.jar
2026-03-06 23:29:01,956 [Worker-12: Download sources and javadoc] INFO  o.e.m.c.i.e.AbstractTransferListenerAdapter - Downloaded https://repo.maven.apache.org/maven2/org/springframework/boot/spring-boot-web-server/4.0.3/spring-boot-web-server-4.0.3-sources.jar
2026-03-06 23:29:01,961 [Worker-12: Download sources and javadoc] INFO  o.e.m.j.internal.DownloadSourcesJob - Downloaded sources for org.springframework.boot:spring-boot-web-server:4.0.3
2026-03-06 23:29:02,055 [Worker-12: Download sources and javadoc] INFO  o.e.m.c.i.e.AbstractTransferListenerAdapter - Downloading https://repo.maven.apache.org/maven2/org/springframework/boot/spring-boot-resttestclient/4.0.3/spring-boot-resttestclient-4.0.3-sources.jar
2026-03-06 23:29:02,063 [Worker-12: Download sources and javadoc] INFO  o.e.m.c.i.e.AbstractTransferListenerAdapter - Downloaded https://repo.maven.apache.org/maven2/org/springframework/boot/spring-boot-resttestclient/4.0.3/spring-boot-resttestclient-4.0.3-sources.jar
2026-03-06 23:29:02,066 [Worker-12: Download sources and javadoc] INFO  o.e.m.j.internal.DownloadSourcesJob - Downloaded sources for org.springframework.boot:spring-boot-resttestclient:4.0.3
2026-03-06 23:29:02,163 [Worker-12: Download sources and javadoc] INFO  o.e.m.c.i.e.AbstractTransferListenerAdapter - Downloading https://repo.maven.apache.org/maven2/io/jsonwebtoken/jjwt-api/0.11.5/jjwt-api-0.11.5-sources.jar
2026-03-06 23:29:02,195 [Worker-12: Download sources and javadoc] INFO  o.e.m.c.i.e.AbstractTransferListenerAdapter - Downloaded https://repo.maven.apache.org/maven2/io/jsonwebtoken/jjwt-api/0.11.5/jjwt-api-0.11.5-sources.jar
2026-03-06 23:29:02,199 [Worker-12: Download sources and javadoc] INFO  o.e.m.j.internal.DownloadSourcesJob - Downloaded sources for io.jsonwebtoken:jjwt-api:0.11.5
2026-03-06 23:29:02,296 [Worker-12: Download sources and javadoc] INFO  o.e.m.c.i.e.AbstractTransferListenerAdapter - Downloading https://repo.maven.apache.org/maven2/io/jsonwebtoken/jjwt-impl/0.11.5/jjwt-impl-0.11.5-sources.jar
2026-03-06 23:29:02,310 [Worker-12: Download sources and javadoc] INFO  o.e.m.c.i.e.AbstractTransferListenerAdapter - Downloaded https://repo.maven.apache.org/maven2/io/jsonwebtoken/jjwt-impl/0.11.5/jjwt-impl-0.11.5-sources.jar
2026-03-06 23:29:02,313 [Worker-12: Download sources and javadoc] INFO  o.e.m.j.internal.DownloadSourcesJob - Downloaded sources for io.jsonwebtoken:jjwt-impl:0.11.5
2026-03-06 23:29:02,413 [Worker-12: Download sources and javadoc] INFO  o.e.m.c.i.e.AbstractTransferListenerAdapter - Downloading https://repo.maven.apache.org/maven2/io/jsonwebtoken/jjwt-jackson/0.11.5/jjwt-jackson-0.11.5-sources.jar
2026-03-06 23:29:02,416 [Worker-12: Download sources and javadoc] INFO  o.e.m.c.i.e.AbstractTransferListenerAdapter - Downloaded https://repo.maven.apache.org/maven2/io/jsonwebtoken/jjwt-jackson/0.11.5/jjwt-jackson-0.11.5-sources.jar
2026-03-06 23:29:02,419 [Worker-12: Download sources and javadoc] INFO  o.e.m.j.internal.DownloadSourcesJob - Downloaded sources for io.jsonwebtoken:jjwt-jackson:0.11.5
2026-03-06 23:29:02,577 [Worker-12: Download sources and javadoc] INFO  o.e.m.c.i.e.AbstractTransferListenerAdapter - Downloading https://repo.maven.apache.org/maven2/com/fasterxml/jackson/core/jackson-databind/2.20.2/jackson-databind-2.20.2-sources.jar
2026-03-06 23:29:02,896 [Worker-12: Download sources and javadoc] INFO  o.e.m.c.i.e.AbstractTransferListenerAdapter - Downloaded https://repo.maven.apache.org/maven2/com/fasterxml/jackson/core/jackson-databind/2.20.2/jackson-databind-2.20.2-sources.jar
2026-03-06 23:29:02,899 [Worker-12: Download sources and javadoc] INFO  o.e.m.j.internal.DownloadSourcesJob - Downloaded sources for com.fasterxml.jackson.core:jackson-databind:2.20.2
2026-03-06 23:29:03,033 [Worker-12: Download sources and javadoc] INFO  o.e.m.c.i.e.AbstractTransferListenerAdapter - Downloading https://repo.maven.apache.org/maven2/com/fasterxml/jackson/core/jackson-annotations/2.20/jackson-annotations-2.20-sources.jar
2026-03-06 23:29:03,110 [Worker-12: Download sources and javadoc] INFO  o.e.m.c.i.e.AbstractTransferListenerAdapter - Downloaded https://repo.maven.apache.org/maven2/com/fasterxml/jackson/core/jackson-annotations/2.20/jackson-annotations-2.20-sources.jar
2026-03-06 23:29:03,113 [Worker-12: Download sources and javadoc] INFO  o.e.m.j.internal.DownloadSourcesJob - Downloaded sources for com.fasterxml.jackson.core:jackson-annotations:2.20
2026-03-06 23:29:03,206 [Worker-12: Download sources and javadoc] INFO  o.e.m.c.i.e.AbstractTransferListenerAdapter - Downloading https://repo.maven.apache.org/maven2/com/fasterxml/jackson/core/jackson-core/2.20.2/jackson-core-2.20.2-sources.jar
2026-03-06 23:29:03,334 [Worker-12: Download sources and javadoc] INFO  o.e.m.c.i.e.AbstractTransferListenerAdapter - Downloaded https://repo.maven.apache.org/maven2/com/fasterxml/jackson/core/jackson-core/2.20.2/jackson-core-2.20.2-sources.jar
2026-03-06 23:29:03,336 [Worker-12: Download sources and javadoc] INFO  o.e.m.j.internal.DownloadSourcesJob - Downloaded sources for com.fasterxml.jackson.core:jackson-core:2.20.2
2026-03-06 23:43:47,484 [Worker-7: Importing Maven projects] INFO  o.e.m.c.i.l.LifecycleMappingFactory - Using org.eclipse.m2e.jdt.JarLifecycleMapping lifecycle mapping for MavenProject: com.example:backend-sapharma:0.0.1-SNAPSHOT @ C:\Users\X1 Carbon\Desktop\miniprojet\backend-sapharma\pom.xml.
2026-03-06 23:43:48,772 [Worker-7: Importing Maven projects] INFO  o.e.m.j.i.AbstractJavaProjectConfigurator - Adding source folder /backend-sapharma/src/main/java
2026-03-06 23:43:48,777 [Worker-7: Importing Maven projects] INFO  o.e.m.j.i.AbstractJavaProjectConfigurator - Adding resource folder /backend-sapharma/src/main/resources
2026-03-06 23:43:48,778 [Worker-7: Importing Maven projects] INFO  o.e.m.j.i.AbstractJavaProjectConfigurator - Adding resource folder /backend-sapharma/src/main/resources
2026-03-06 23:43:48,779 [Worker-7: Importing Maven projects] INFO  o.e.m.j.i.AbstractJavaProjectConfigurator - Adding source folder /backend-sapharma/src/test/java
2026-03-06 23:43:48,781 [Worker-7: Importing Maven projects] INFO  o.e.m.j.i.AbstractJavaProjectConfigurator - Adding resource folder /backend-sapharma/src/test/resources
2026-03-06 23:43:49,306 [Worker-7: Importing Maven projects] WARN  o.apache.maven.project.MavenProject - Direct modification of compileSourceRoots through clear() is deprecated and will not work in Maven 4.0.0. Please use the add/remove methods instead. If you're using a plugin that causes this warning, please upgrade to the latest version and report an issue if the warning persists. To disable these warnings, set -Dmaven.project.sourceRoots.warningsDisabled=true on the command line, in the .mvn/maven.config file, or in project POM properties.
2026-03-06 23:43:49,307 [Worker-7: Importing Maven projects] WARN  o.apache.maven.project.MavenProject - Direct modification of compileSourceRoots through add() is deprecated and will not work in Maven 4.0.0. Please use the add/remove methods instead. If you're using a plugin that causes this warning, please upgrade to the latest version and report an issue if the warning persists. To disable these warnings, set -Dmaven.project.sourceRoots.warningsDisabled=true on the command line, in the .mvn/maven.config file, or in project POM properties.
2026-03-06 23:43:49,308 [Worker-7: Importing Maven projects] WARN  o.apache.maven.project.MavenProject - Direct modification of testCompileSourceRoots through clear() is deprecated and will not work in Maven 4.0.0. Please use the add/remove methods instead. If you're using a plugin that causes this warning, please upgrade to the latest version and report an issue if the warning persists. To disable these warnings, set -Dmaven.project.sourceRoots.warningsDisabled=true on the command line, in the .mvn/maven.config file, or in project POM properties.
2026-03-06 23:43:49,309 [Worker-7: Importing Maven projects] WARN  o.apache.maven.project.MavenProject - Direct modification of testCompileSourceRoots through add() is deprecated and will not work in Maven 4.0.0. Please use the add/remove methods instead. If you're using a plugin that causes this warning, please upgrade to the latest version and report an issue if the warning persists. To disable these warnings, set -Dmaven.project.sourceRoots.warningsDisabled=true on the command line, in the .mvn/maven.config file, or in project POM properties.
2026-03-06 23:43:49,329 [Worker-7: Importing Maven projects] INFO  o.e.m.c.i.p.ProjectConfigurationManager - Imported and configured 1 project(s) in 2 sec
2026-03-06 23:43:50,468 [Worker-25: Building] INFO  o.a.m.s.f.DefaultMavenResourcesFiltering - Copying 1 resource from src\main\resources to target\classes
2026-03-06 23:43:50,495 [Worker-25: Building] INFO  o.a.m.s.f.DefaultMavenResourcesFiltering - Copying 0 resource from src\main\resources to target\classes
2026-03-06 23:43:50,502 [Worker-25: Building] INFO  o.a.m.s.f.DefaultMavenResourcesFiltering - skip non existing resourceDirectory C:\Users\X1 Carbon\Desktop\miniprojet\backend-sapharma\src\test\resources
2026-03-06 23:43:50,531 [Worker-25: Building] WARN  o.apache.maven.project.MavenProject - Direct modification of compileSourceRoots through clear() is deprecated and will not work in Maven 4.0.0. Please use the add/remove methods instead. If you're using a plugin that causes this warning, please upgrade to the latest version and report an issue if the warning persists. To disable these warnings, set -Dmaven.project.sourceRoots.warningsDisabled=true on the command line, in the .mvn/maven.config file, or in project POM properties.
2026-03-06 23:43:50,531 [Worker-25: Building] WARN  o.apache.maven.project.MavenProject - Direct modification of compileSourceRoots through add() is deprecated and will not work in Maven 4.0.0. Please use the add/remove methods instead. If you're using a plugin that causes this warning, please upgrade to the latest version and report an issue if the warning persists. To disable these warnings, set -Dmaven.project.sourceRoots.warningsDisabled=true on the command line, in the .mvn/maven.config file, or in project POM properties.
2026-03-06 23:43:50,532 [Worker-25: Building] WARN  o.apache.maven.project.MavenProject - Direct modification of testCompileSourceRoots through clear() is deprecated and will not work in Maven 4.0.0. Please use the add/remove methods instead. If you're using a plugin that causes this warning, please upgrade to the latest version and report an issue if the warning persists. To disable these warnings, set -Dmaven.project.sourceRoots.warningsDisabled=true on the command line, in the .mvn/maven.config file, or in project POM properties.
2026-03-06 23:43:50,533 [Worker-25: Building] WARN  o.apache.maven.project.MavenProject - Direct modification of testCompileSourceRoots through add() is deprecated and will not work in Maven 4.0.0. Please use the add/remove methods instead. If you're using a plugin that causes this warning, please upgrade to the latest version and report an issue if the warning persists. To disable these warnings, set -Dmaven.project.sourceRoots.warningsDisabled=true on the command line, in the .mvn/maven.config file, or in project POM properties.
2026-03-07 00:45:01,471 [Worker-26: Building] INFO  o.a.m.s.f.DefaultMavenResourcesFiltering - Copying 1 resource from src\main\resources to target\classes
2026-03-07 00:45:01,492 [Worker-26: Building] INFO  o.a.m.s.f.DefaultMavenResourcesFiltering - Copying 0 resource from src\main\resources to target\classes
2026-03-07 00:45:01,496 [Worker-26: Building] INFO  o.a.m.s.f.DefaultMavenResourcesFiltering - skip non existing resourceDirectory C:\Users\X1 Carbon\Desktop\miniprojet\backend-sapharma\src\test\resources
2026-03-07 00:45:01,498 [Worker-26: Building] WARN  o.apache.maven.project.MavenProject - Direct modification of compileSourceRoots through clear() is deprecated and will not work in Maven 4.0.0. Please use the add/remove methods instead. If you're using a plugin that causes this warning, please upgrade to the latest version and report an issue if the warning persists. To disable these warnings, set -Dmaven.project.sourceRoots.warningsDisabled=true on the command line, in the .mvn/maven.config file, or in project POM properties.
2026-03-07 00:45:01,499 [Worker-26: Building] WARN  o.apache.maven.project.MavenProject - Direct modification of compileSourceRoots through add() is deprecated and will not work in Maven 4.0.0. Please use the add/remove methods instead. If you're using a plugin that causes this warning, please upgrade to the latest version and report an issue if the warning persists. To disable these warnings, set -Dmaven.project.sourceRoots.warningsDisabled=true on the command line, in the .mvn/maven.config file, or in project POM properties.
2026-03-07 00:45:01,501 [Worker-26: Building] WARN  o.apache.maven.project.MavenProject - Direct modification of testCompileSourceRoots through clear() is deprecated and will not work in Maven 4.0.0. Please use the add/remove methods instead. If you're using a plugin that causes this warning, please upgrade to the latest version and report an issue if the warning persists. To disable these warnings, set -Dmaven.project.sourceRoots.warningsDisabled=true on the command line, in the .mvn/maven.config file, or in project POM properties.
2026-03-07 00:45:01,501 [Worker-26: Building] WARN  o.apache.maven.project.MavenProject - Direct modification of testCompileSourceRoots through add() is deprecated and will not work in Maven 4.0.0. Please use the add/remove methods instead. If you're using a plugin that causes this warning, please upgrade to the latest version and report an issue if the warning persists. To disable these warnings, set -Dmaven.project.sourceRoots.warningsDisabled=true on the command line, in the .mvn/maven.config file, or in project POM properties.
2026-03-07 00:45:30,245 [Worker-34: Building] INFO  o.a.m.s.f.DefaultMavenResourcesFiltering - Copying 1 resource from src\main\resources to target\classes
2026-03-07 00:45:30,257 [Worker-34: Building] INFO  o.a.m.s.f.DefaultMavenResourcesFiltering - Copying 0 resource from src\main\resources to target\classes
2026-03-07 00:45:30,262 [Worker-34: Building] INFO  o.a.m.s.f.DefaultMavenResourcesFiltering - skip non existing resourceDirectory C:\Users\X1 Carbon\Desktop\miniprojet\backend-sapharma\src\test\resources
2026-03-07 00:45:30,263 [Worker-34: Building] WARN  o.apache.maven.project.MavenProject - Direct modification of compileSourceRoots through clear() is deprecated and will not work in Maven 4.0.0. Please use the add/remove methods instead. If you're using a plugin that causes this warning, please upgrade to the latest version and report an issue if the warning persists. To disable these warnings, set -Dmaven.project.sourceRoots.warningsDisabled=true on the command line, in the .mvn/maven.config file, or in project POM properties.
2026-03-07 00:45:30,264 [Worker-34: Building] WARN  o.apache.maven.project.MavenProject - Direct modification of compileSourceRoots through add() is deprecated and will not work in Maven 4.0.0. Please use the add/remove methods instead. If you're using a plugin that causes this warning, please upgrade to the latest version and report an issue if the warning persists. To disable these warnings, set -Dmaven.project.sourceRoots.warningsDisabled=true on the command line, in the .mvn/maven.config file, or in project POM properties.
2026-03-07 00:45:30,264 [Worker-34: Building] WARN  o.apache.maven.project.MavenProject - Direct modification of testCompileSourceRoots through clear() is deprecated and will not work in Maven 4.0.0. Please use the add/remove methods instead. If you're using a plugin that causes this warning, please upgrade to the latest version and report an issue if the warning persists. To disable these warnings, set -Dmaven.project.sourceRoots.warningsDisabled=true on the command line, in the .mvn/maven.config file, or in project POM properties.
2026-03-07 00:45:30,265 [Worker-34: Building] WARN  o.apache.maven.project.MavenProject - Direct modification of testCompileSourceRoots through add() is deprecated and will not work in Maven 4.0.0. Please use the add/remove methods instead. If you're using a plugin that causes this warning, please upgrade to the latest version and report an issue if the warning persists. To disable these warnings, set -Dmaven.project.sourceRoots.warningsDisabled=true on the command line, in the .mvn/maven.config file, or in project POM properties.
2026-03-07 01:01:33,364 [Worker-15: Launching backend-sapharma - BackendSapharmaApplication] INFO  o.a.m.s.f.DefaultMavenResourcesFiltering - Copying 1 resource from src\main\resources to target\classes
2026-03-07 01:01:33,460 [Worker-15: Launching backend-sapharma - BackendSapharmaApplication] INFO  o.a.m.s.f.DefaultMavenResourcesFiltering - Copying 0 resource from src\main\resources to target\classes
2026-03-07 01:01:33,465 [Worker-15: Launching backend-sapharma - BackendSapharmaApplication] INFO  o.a.m.s.f.DefaultMavenResourcesFiltering - skip non existing resourceDirectory C:\Users\X1 Carbon\Desktop\miniprojet\backend-sapharma\src\test\resources
2026-03-07 01:01:33,466 [Worker-15: Launching backend-sapharma - BackendSapharmaApplication] WARN  o.apache.maven.project.MavenProject - Direct modification of compileSourceRoots through clear() is deprecated and will not work in Maven 4.0.0. Please use the add/remove methods instead. If you're using a plugin that causes this warning, please upgrade to the latest version and report an issue if the warning persists. To disable these warnings, set -Dmaven.project.sourceRoots.warningsDisabled=true on the command line, in the .mvn/maven.config file, or in project POM properties.
2026-03-07 01:01:33,469 [Worker-15: Launching backend-sapharma - BackendSapharmaApplication] WARN  o.apache.maven.project.MavenProject - Direct modification of compileSourceRoots through add() is deprecated and will not work in Maven 4.0.0. Please use the add/remove methods instead. If you're using a plugin that causes this warning, please upgrade to the latest version and report an issue if the warning persists. To disable these warnings, set -Dmaven.project.sourceRoots.warningsDisabled=true on the command line, in the .mvn/maven.config file, or in project POM properties.
2026-03-07 01:01:33,469 [Worker-15: Launching backend-sapharma - BackendSapharmaApplication] WARN  o.apache.maven.project.MavenProject - Direct modification of testCompileSourceRoots through clear() is deprecated and will not work in Maven 4.0.0. Please use the add/remove methods instead. If you're using a plugin that causes this warning, please upgrade to the latest version and report an issue if the warning persists. To disable these warnings, set -Dmaven.project.sourceRoots.warningsDisabled=true on the command line, in the .mvn/maven.config file, or in project POM properties.
2026-03-07 01:01:33,470 [Worker-15: Launching backend-sapharma - BackendSapharmaApplication] WARN  o.apache.maven.project.MavenProject - Direct modification of testCompileSourceRoots through add() is deprecated and will not work in Maven 4.0.0. Please use the add/remove methods instead. If you're using a plugin that causes this warning, please upgrade to the latest version and report an issue if the warning persists. To disable these warnings, set -Dmaven.project.sourceRoots.warningsDisabled=true on the command line, in the .mvn/maven.config file, or in project POM properties.
2026-03-07 01:35:49,312 [Worker-37: Building] INFO  o.a.m.s.f.DefaultMavenResourcesFiltering - Copying 1 resource from src\main\resources to target\classes
2026-03-07 01:35:49,363 [Worker-37: Building] INFO  o.a.m.s.f.DefaultMavenResourcesFiltering - Copying 0 resource from src\main\resources to target\classes
2026-03-07 01:35:49,366 [Worker-37: Building] INFO  o.a.m.s.f.DefaultMavenResourcesFiltering - skip non existing resourceDirectory C:\Users\X1 Carbon\Desktop\miniprojet\backend-sapharma\src\test\resources
2026-03-07 01:35:49,366 [Worker-37: Building] WARN  o.apache.maven.project.MavenProject - Direct modification of compileSourceRoots through clear() is deprecated and will not work in Maven 4.0.0. Please use the add/remove methods instead. If you're using a plugin that causes this warning, please upgrade to the latest version and report an issue if the warning persists. To disable these warnings, set -Dmaven.project.sourceRoots.warningsDisabled=true on the command line, in the .mvn/maven.config file, or in project POM properties.
2026-03-07 01:35:49,368 [Worker-37: Building] WARN  o.apache.maven.project.MavenProject - Direct modification of compileSourceRoots through add() is deprecated and will not work in Maven 4.0.0. Please use the add/remove methods instead. If you're using a plugin that causes this warning, please upgrade to the latest version and report an issue if the warning persists. To disable these warnings, set -Dmaven.project.sourceRoots.warningsDisabled=true on the command line, in the .mvn/maven.config file, or in project POM properties.
2026-03-07 01:35:49,368 [Worker-37: Building] WARN  o.apache.maven.project.MavenProject - Direct modification of testCompileSourceRoots through clear() is deprecated and will not work in Maven 4.0.0. Please use the add/remove methods instead. If you're using a plugin that causes this warning, please upgrade to the latest version and report an issue if the warning persists. To disable these warnings, set -Dmaven.project.sourceRoots.warningsDisabled=true on the command line, in the .mvn/maven.config file, or in project POM properties.
2026-03-07 01:35:49,369 [Worker-37: Building] WARN  o.apache.maven.project.MavenProject - Direct modification of testCompileSourceRoots through add() is deprecated and will not work in Maven 4.0.0. Please use the add/remove methods instead. If you're using a plugin that causes this warning, please upgrade to the latest version and report an issue if the warning persists. To disable these warnings, set -Dmaven.project.sourceRoots.warningsDisabled=true on the command line, in the .mvn/maven.config file, or in project POM properties.
2026-03-07 01:37:29,894 [Worker-15: Launching backend-sapharma - BackendSapharmaApplication] INFO  o.a.m.s.f.DefaultMavenResourcesFiltering - Copying 1 resource from src\main\resources to target\classes
2026-03-07 01:37:29,944 [Worker-15: Launching backend-sapharma - BackendSapharmaApplication] INFO  o.a.m.s.f.DefaultMavenResourcesFiltering - Copying 0 resource from src\main\resources to target\classes
2026-03-07 01:37:29,949 [Worker-15: Launching backend-sapharma - BackendSapharmaApplication] INFO  o.a.m.s.f.DefaultMavenResourcesFiltering - skip non existing resourceDirectory C:\Users\X1 Carbon\Desktop\miniprojet\backend-sapharma\src\test\resources
2026-03-07 01:37:29,950 [Worker-15: Launching backend-sapharma - BackendSapharmaApplication] WARN  o.apache.maven.project.MavenProject - Direct modification of compileSourceRoots through clear() is deprecated and will not work in Maven 4.0.0. Please use the add/remove methods instead. If you're using a plugin that causes this warning, please upgrade to the latest version and report an issue if the warning persists. To disable these warnings, set -Dmaven.project.sourceRoots.warningsDisabled=true on the command line, in the .mvn/maven.config file, or in project POM properties.
2026-03-07 01:37:29,951 [Worker-15: Launching backend-sapharma - BackendSapharmaApplication] WARN  o.apache.maven.project.MavenProject - Direct modification of compileSourceRoots through add() is deprecated and will not work in Maven 4.0.0. Please use the add/remove methods instead. If you're using a plugin that causes this warning, please upgrade to the latest version and report an issue if the warning persists. To disable these warnings, set -Dmaven.project.sourceRoots.warningsDisabled=true on the command line, in the .mvn/maven.config file, or in project POM properties.
2026-03-07 01:37:29,952 [Worker-15: Launching backend-sapharma - BackendSapharmaApplication] WARN  o.apache.maven.project.MavenProject - Direct modification of testCompileSourceRoots through clear() is deprecated and will not work in Maven 4.0.0. Please use the add/remove methods instead. If you're using a plugin that causes this warning, please upgrade to the latest version and report an issue if the warning persists. To disable these warnings, set -Dmaven.project.sourceRoots.warningsDisabled=true on the command line, in the .mvn/maven.config file, or in project POM properties.
2026-03-07 01:37:29,952 [Worker-15: Launching backend-sapharma - BackendSapharmaApplication] WARN  o.apache.maven.project.MavenProject - Direct modification of testCompileSourceRoots through add() is deprecated and will not work in Maven 4.0.0. Please use the add/remove methods instead. If you're using a plugin that causes this warning, please upgrade to the latest version and report an issue if the warning persists. To disable these warnings, set -Dmaven.project.sourceRoots.warningsDisabled=true on the command line, in the .mvn/maven.config file, or in project POM properties.
2026-03-07 02:03:26,790 [Worker-26: Building] INFO  o.a.m.s.f.DefaultMavenResourcesFiltering - Copying 1 resource from src\main\resources to target\classes
2026-03-07 02:03:26,813 [Worker-26: Building] INFO  o.a.m.s.f.DefaultMavenResourcesFiltering - Copying 0 resource from src\main\resources to target\classes
2026-03-07 02:03:26,821 [Worker-26: Building] INFO  o.a.m.s.f.DefaultMavenResourcesFiltering - skip non existing resourceDirectory C:\Users\X1 Carbon\Desktop\miniprojet\backend-sapharma\src\test\resources
2026-03-07 02:03:26,823 [Worker-26: Building] WARN  o.apache.maven.project.MavenProject - Direct modification of compileSourceRoots through clear() is deprecated and will not work in Maven 4.0.0. Please use the add/remove methods instead. If you're using a plugin that causes this warning, please upgrade to the latest version and report an issue if the warning persists. To disable these warnings, set -Dmaven.project.sourceRoots.warningsDisabled=true on the command line, in the .mvn/maven.config file, or in project POM properties.
2026-03-07 02:03:26,831 [Worker-26: Building] WARN  o.apache.maven.project.MavenProject - Direct modification of compileSourceRoots through add() is deprecated and will not work in Maven 4.0.0. Please use the add/remove methods instead. If you're using a plugin that causes this warning, please upgrade to the latest version and report an issue if the warning persists. To disable these warnings, set -Dmaven.project.sourceRoots.warningsDisabled=true on the command line, in the .mvn/maven.config file, or in project POM properties.
2026-03-07 02:03:26,832 [Worker-26: Building] WARN  o.apache.maven.project.MavenProject - Direct modification of testCompileSourceRoots through clear() is deprecated and will not work in Maven 4.0.0. Please use the add/remove methods instead. If you're using a plugin that causes this warning, please upgrade to the latest version and report an issue if the warning persists. To disable these warnings, set -Dmaven.project.sourceRoots.warningsDisabled=true on the command line, in the .mvn/maven.config file, or in project POM properties.
2026-03-07 02:03:26,833 [Worker-26: Building] WARN  o.apache.maven.project.MavenProject - Direct modification of testCompileSourceRoots through add() is deprecated and will not work in Maven 4.0.0. Please use the add/remove methods instead. If you're using a plugin that causes this warning, please upgrade to the latest version and report an issue if the warning persists. To disable these warnings, set -Dmaven.project.sourceRoots.warningsDisabled=true on the command line, in the .mvn/maven.config file, or in project POM properties.
2026-03-07 02:04:12,330 [Worker-35: Building] INFO  o.a.m.s.f.DefaultMavenResourcesFiltering - Copying 1 resource from src\main\resources to target\classes
2026-03-07 02:04:12,351 [Worker-35: Building] INFO  o.a.m.s.f.DefaultMavenResourcesFiltering - Copying 0 resource from src\main\resources to target\classes
2026-03-07 02:04:12,356 [Worker-35: Building] INFO  o.a.m.s.f.DefaultMavenResourcesFiltering - skip non existing resourceDirectory C:\Users\X1 Carbon\Desktop\miniprojet\backend-sapharma\src\test\resources
2026-03-07 02:04:12,356 [Worker-35: Building] WARN  o.apache.maven.project.MavenProject - Direct modification of compileSourceRoots through clear() is deprecated and will not work in Maven 4.0.0. Please use the add/remove methods instead. If you're using a plugin that causes this warning, please upgrade to the latest version and report an issue if the warning persists. To disable these warnings, set -Dmaven.project.sourceRoots.warningsDisabled=true on the command line, in the .mvn/maven.config file, or in project POM properties.
2026-03-07 02:04:12,358 [Worker-35: Building] WARN  o.apache.maven.project.MavenProject - Direct modification of compileSourceRoots through add() is deprecated and will not work in Maven 4.0.0. Please use the add/remove methods instead. If you're using a plugin that causes this warning, please upgrade to the latest version and report an issue if the warning persists. To disable these warnings, set -Dmaven.project.sourceRoots.warningsDisabled=true on the command line, in the .mvn/maven.config file, or in project POM properties.
2026-03-07 02:04:12,359 [Worker-35: Building] WARN  o.apache.maven.project.MavenProject - Direct modification of testCompileSourceRoots through clear() is deprecated and will not work in Maven 4.0.0. Please use the add/remove methods instead. If you're using a plugin that causes this warning, please upgrade to the latest version and report an issue if the warning persists. To disable these warnings, set -Dmaven.project.sourceRoots.warningsDisabled=true on the command line, in the .mvn/maven.config file, or in project POM properties.
2026-03-07 02:04:12,359 [Worker-35: Building] WARN  o.apache.maven.project.MavenProject - Direct modification of testCompileSourceRoots through add() is deprecated and will not work in Maven 4.0.0. Please use the add/remove methods instead. If you're using a plugin that causes this warning, please upgrade to the latest version and report an issue if the warning persists. To disable these warnings, set -Dmaven.project.sourceRoots.warningsDisabled=true on the command line, in the .mvn/maven.config file, or in project POM properties.
2026-03-07 02:04:26,154 [Worker-36: Building] INFO  o.a.m.s.f.DefaultMavenResourcesFiltering - Copying 1 resource from src\main\resources to target\classes
2026-03-07 02:04:26,165 [Worker-36: Building] INFO  o.a.m.s.f.DefaultMavenResourcesFiltering - Copying 0 resource from src\main\resources to target\classes
2026-03-07 02:04:26,171 [Worker-36: Building] INFO  o.a.m.s.f.DefaultMavenResourcesFiltering - skip non existing resourceDirectory C:\Users\X1 Carbon\Desktop\miniprojet\backend-sapharma\src\test\resources
2026-03-07 02:04:26,171 [Worker-36: Building] WARN  o.apache.maven.project.MavenProject - Direct modification of compileSourceRoots through clear() is deprecated and will not work in Maven 4.0.0. Please use the add/remove methods instead. If you're using a plugin that causes this warning, please upgrade to the latest version and report an issue if the warning persists. To disable these warnings, set -Dmaven.project.sourceRoots.warningsDisabled=true on the command line, in the .mvn/maven.config file, or in project POM properties.
2026-03-07 02:04:26,172 [Worker-36: Building] WARN  o.apache.maven.project.MavenProject - Direct modification of compileSourceRoots through add() is deprecated and will not work in Maven 4.0.0. Please use the add/remove methods instead. If you're using a plugin that causes this warning, please upgrade to the latest version and report an issue if the warning persists. To disable these warnings, set -Dmaven.project.sourceRoots.warningsDisabled=true on the command line, in the .mvn/maven.config file, or in project POM properties.
2026-03-07 02:04:26,172 [Worker-36: Building] WARN  o.apache.maven.project.MavenProject - Direct modification of testCompileSourceRoots through clear() is deprecated and will not work in Maven 4.0.0. Please use the add/remove methods instead. If you're using a plugin that causes this warning, please upgrade to the latest version and report an issue if the warning persists. To disable these warnings, set -Dmaven.project.sourceRoots.warningsDisabled=true on the command line, in the .mvn/maven.config file, or in project POM properties.
2026-03-07 02:04:26,173 [Worker-36: Building] WARN  o.apache.maven.project.MavenProject - Direct modification of testCompileSourceRoots through add() is deprecated and will not work in Maven 4.0.0. Please use the add/remove methods instead. If you're using a plugin that causes this warning, please upgrade to the latest version and report an issue if the warning persists. To disable these warnings, set -Dmaven.project.sourceRoots.warningsDisabled=true on the command line, in the .mvn/maven.config file, or in project POM properties.
2026-03-07 02:08:44,808 [Worker-36: Building] INFO  o.a.m.s.f.DefaultMavenResourcesFiltering - Copying 1 resource from src\main\resources to target\classes
2026-03-07 02:08:44,824 [Worker-36: Building] INFO  o.a.m.s.f.DefaultMavenResourcesFiltering - Copying 0 resource from src\main\resources to target\classes
2026-03-07 02:08:44,829 [Worker-36: Building] INFO  o.a.m.s.f.DefaultMavenResourcesFiltering - skip non existing resourceDirectory C:\Users\X1 Carbon\Desktop\miniprojet\backend-sapharma\src\test\resources
2026-03-07 02:08:44,829 [Worker-36: Building] WARN  o.apache.maven.project.MavenProject - Direct modification of compileSourceRoots through clear() is deprecated and will not work in Maven 4.0.0. Please use the add/remove methods instead. If you're using a plugin that causes this warning, please upgrade to the latest version and report an issue if the warning persists. To disable these warnings, set -Dmaven.project.sourceRoots.warningsDisabled=true on the command line, in the .mvn/maven.config file, or in project POM properties.
2026-03-07 02:08:44,832 [Worker-36: Building] WARN  o.apache.maven.project.MavenProject - Direct modification of compileSourceRoots through add() is deprecated and will not work in Maven 4.0.0. Please use the add/remove methods instead. If you're using a plugin that causes this warning, please upgrade to the latest version and report an issue if the warning persists. To disable these warnings, set -Dmaven.project.sourceRoots.warningsDisabled=true on the command line, in the .mvn/maven.config file, or in project POM properties.
2026-03-07 02:08:44,832 [Worker-36: Building] WARN  o.apache.maven.project.MavenProject - Direct modification of testCompileSourceRoots through clear() is deprecated and will not work in Maven 4.0.0. Please use the add/remove methods instead. If you're using a plugin that causes this warning, please upgrade to the latest version and report an issue if the warning persists. To disable these warnings, set -Dmaven.project.sourceRoots.warningsDisabled=true on the command line, in the .mvn/maven.config file, or in project POM properties.
2026-03-07 02:08:44,834 [Worker-36: Building] WARN  o.apache.maven.project.MavenProject - Direct modification of testCompileSourceRoots through add() is deprecated and will not work in Maven 4.0.0. Please use the add/remove methods instead. If you're using a plugin that causes this warning, please upgrade to the latest version and report an issue if the warning persists. To disable these warnings, set -Dmaven.project.sourceRoots.warningsDisabled=true on the command line, in the .mvn/maven.config file, or in project POM properties.
2026-03-07 02:14:42,899 [Worker-34: Building] INFO  o.a.m.s.f.DefaultMavenResourcesFiltering - Copying 1 resource from src\main\resources to target\classes
2026-03-07 02:14:42,914 [Worker-34: Building] INFO  o.a.m.s.f.DefaultMavenResourcesFiltering - Copying 0 resource from src\main\resources to target\classes
2026-03-07 02:14:42,921 [Worker-34: Building] INFO  o.a.m.s.f.DefaultMavenResourcesFiltering - skip non existing resourceDirectory C:\Users\X1 Carbon\Desktop\miniprojet\backend-sapharma\src\test\resources
2026-03-07 02:14:42,922 [Worker-34: Building] WARN  o.apache.maven.project.MavenProject - Direct modification of compileSourceRoots through clear() is deprecated and will not work in Maven 4.0.0. Please use the add/remove methods instead. If you're using a plugin that causes this warning, please upgrade to the latest version and report an issue if the warning persists. To disable these warnings, set -Dmaven.project.sourceRoots.warningsDisabled=true on the command line, in the .mvn/maven.config file, or in project POM properties.
2026-03-07 02:14:42,924 [Worker-34: Building] WARN  o.apache.maven.project.MavenProject - Direct modification of compileSourceRoots through add() is deprecated and will not work in Maven 4.0.0. Please use the add/remove methods instead. If you're using a plugin that causes this warning, please upgrade to the latest version and report an issue if the warning persists. To disable these warnings, set -Dmaven.project.sourceRoots.warningsDisabled=true on the command line, in the .mvn/maven.config file, or in project POM properties.
2026-03-07 02:14:42,926 [Worker-34: Building] WARN  o.apache.maven.project.MavenProject - Direct modification of testCompileSourceRoots through clear() is deprecated and will not work in Maven 4.0.0. Please use the add/remove methods instead. If you're using a plugin that causes this warning, please upgrade to the latest version and report an issue if the warning persists. To disable these warnings, set -Dmaven.project.sourceRoots.warningsDisabled=true on the command line, in the .mvn/maven.config file, or in project POM properties.
2026-03-07 02:14:42,927 [Worker-34: Building] WARN  o.apache.maven.project.MavenProject - Direct modification of testCompileSourceRoots through add() is deprecated and will not work in Maven 4.0.0. Please use the add/remove methods instead. If you're using a plugin that causes this warning, please upgrade to the latest version and report an issue if the warning persists. To disable these warnings, set -Dmaven.project.sourceRoots.warningsDisabled=true on the command line, in the .mvn/maven.config file, or in project POM properties.
2026-03-07 02:18:56,323 [Worker-7: Building] INFO  o.a.m.s.f.DefaultMavenResourcesFiltering - Copying 1 resource from src\main\resources to target\classes
2026-03-07 02:18:56,363 [Worker-7: Building] INFO  o.a.m.s.f.DefaultMavenResourcesFiltering - Copying 0 resource from src\main\resources to target\classes
2026-03-07 02:18:56,367 [Worker-7: Building] INFO  o.a.m.s.f.DefaultMavenResourcesFiltering - skip non existing resourceDirectory C:\Users\X1 Carbon\Desktop\miniprojet\backend-sapharma\src\test\resources
2026-03-07 02:18:56,368 [Worker-7: Building] WARN  o.apache.maven.project.MavenProject - Direct modification of compileSourceRoots through clear() is deprecated and will not work in Maven 4.0.0. Please use the add/remove methods instead. If you're using a plugin that causes this warning, please upgrade to the latest version and report an issue if the warning persists. To disable these warnings, set -Dmaven.project.sourceRoots.warningsDisabled=true on the command line, in the .mvn/maven.config file, or in project POM properties.
2026-03-07 02:18:56,374 [Worker-7: Building] WARN  o.apache.maven.project.MavenProject - Direct modification of compileSourceRoots through add() is deprecated and will not work in Maven 4.0.0. Please use the add/remove methods instead. If you're using a plugin that causes this warning, please upgrade to the latest version and report an issue if the warning persists. To disable these warnings, set -Dmaven.project.sourceRoots.warningsDisabled=true on the command line, in the .mvn/maven.config file, or in project POM properties.
2026-03-07 02:18:56,375 [Worker-7: Building] WARN  o.apache.maven.project.MavenProject - Direct modification of testCompileSourceRoots through clear() is deprecated and will not work in Maven 4.0.0. Please use the add/remove methods instead. If you're using a plugin that causes this warning, please upgrade to the latest version and report an issue if the warning persists. To disable these warnings, set -Dmaven.project.sourceRoots.warningsDisabled=true on the command line, in the .mvn/maven.config file, or in project POM properties.
2026-03-07 02:18:56,375 [Worker-7: Building] WARN  o.apache.maven.project.MavenProject - Direct modification of testCompileSourceRoots through add() is deprecated and will not work in Maven 4.0.0. Please use the add/remove methods instead. If you're using a plugin that causes this warning, please upgrade to the latest version and report an issue if the warning persists. To disable these warnings, set -Dmaven.project.sourceRoots.warningsDisabled=true on the command line, in the .mvn/maven.config file, or in project POM properties.
2026-03-07 02:22:55,748 [Worker-35: Building] INFO  o.a.m.s.f.DefaultMavenResourcesFiltering - Copying 1 resource from src\main\resources to target\classes
2026-03-07 02:22:55,770 [Worker-35: Building] INFO  o.a.m.s.f.DefaultMavenResourcesFiltering - Copying 0 resource from src\main\resources to target\classes
2026-03-07 02:22:55,773 [Worker-35: Building] INFO  o.a.m.s.f.DefaultMavenResourcesFiltering - skip non existing resourceDirectory C:\Users\X1 Carbon\Desktop\miniprojet\backend-sapharma\src\test\resources
2026-03-07 02:22:55,773 [Worker-35: Building] WARN  o.apache.maven.project.MavenProject - Direct modification of compileSourceRoots through clear() is deprecated and will not work in Maven 4.0.0. Please use the add/remove methods instead. If you're using a plugin that causes this warning, please upgrade to the latest version and report an issue if the warning persists. To disable these warnings, set -Dmaven.project.sourceRoots.warningsDisabled=true on the command line, in the .mvn/maven.config file, or in project POM properties.
2026-03-07 02:22:55,775 [Worker-35: Building] WARN  o.apache.maven.project.MavenProject - Direct modification of compileSourceRoots through add() is deprecated and will not work in Maven 4.0.0. Please use the add/remove methods instead. If you're using a plugin that causes this warning, please upgrade to the latest version and report an issue if the warning persists. To disable these warnings, set -Dmaven.project.sourceRoots.warningsDisabled=true on the command line, in the .mvn/maven.config file, or in project POM properties.
2026-03-07 02:22:55,777 [Worker-35: Building] WARN  o.apache.maven.project.MavenProject - Direct modification of testCompileSourceRoots through clear() is deprecated and will not work in Maven 4.0.0. Please use the add/remove methods instead. If you're using a plugin that causes this warning, please upgrade to the latest version and report an issue if the warning persists. To disable these warnings, set -Dmaven.project.sourceRoots.warningsDisabled=true on the command line, in the .mvn/maven.config file, or in project POM properties.
2026-03-07 02:22:55,777 [Worker-35: Building] WARN  o.apache.maven.project.MavenProject - Direct modification of testCompileSourceRoots through add() is deprecated and will not work in Maven 4.0.0. Please use the add/remove methods instead. If you're using a plugin that causes this warning, please upgrade to the latest version and report an issue if the warning persists. To disable these warnings, set -Dmaven.project.sourceRoots.warningsDisabled=true on the command line, in the .mvn/maven.config file, or in project POM properties.
2026-03-07 02:23:34,505 [Worker-34: Building] INFO  o.a.m.s.f.DefaultMavenResourcesFiltering - Copying 1 resource from src\main\resources to target\classes
2026-03-07 02:23:34,563 [Worker-34: Building] INFO  o.a.m.s.f.DefaultMavenResourcesFiltering - Copying 0 resource from src\main\resources to target\classes
2026-03-07 02:23:34,568 [Worker-34: Building] INFO  o.a.m.s.f.DefaultMavenResourcesFiltering - skip non existing resourceDirectory C:\Users\X1 Carbon\Desktop\miniprojet\backend-sapharma\src\test\resources
2026-03-07 02:23:34,568 [Worker-34: Building] WARN  o.apache.maven.project.MavenProject - Direct modification of compileSourceRoots through clear() is deprecated and will not work in Maven 4.0.0. Please use the add/remove methods instead. If you're using a plugin that causes this warning, please upgrade to the latest version and report an issue if the warning persists. To disable these warnings, set -Dmaven.project.sourceRoots.warningsDisabled=true on the command line, in the .mvn/maven.config file, or in project POM properties.
2026-03-07 02:23:34,568 [Worker-34: Building] WARN  o.apache.maven.project.MavenProject - Direct modification of compileSourceRoots through add() is deprecated and will not work in Maven 4.0.0. Please use the add/remove methods instead. If you're using a plugin that causes this warning, please upgrade to the latest version and report an issue if the warning persists. To disable these warnings, set -Dmaven.project.sourceRoots.warningsDisabled=true on the command line, in the .mvn/maven.config file, or in project POM properties.
2026-03-07 02:23:34,570 [Worker-34: Building] WARN  o.apache.maven.project.MavenProject - Direct modification of testCompileSourceRoots through clear() is deprecated and will not work in Maven 4.0.0. Please use the add/remove methods instead. If you're using a plugin that causes this warning, please upgrade to the latest version and report an issue if the warning persists. To disable these warnings, set -Dmaven.project.sourceRoots.warningsDisabled=true on the command line, in the .mvn/maven.config file, or in project POM properties.
2026-03-07 02:23:34,571 [Worker-34: Building] WARN  o.apache.maven.project.MavenProject - Direct modification of testCompileSourceRoots through add() is deprecated and will not work in Maven 4.0.0. Please use the add/remove methods instead. If you're using a plugin that causes this warning, please upgrade to the latest version and report an issue if the warning persists. To disable these warnings, set -Dmaven.project.sourceRoots.warningsDisabled=true on the command line, in the .mvn/maven.config file, or in project POM properties.
2026-03-07 02:24:05,179 [Worker-15: Building] INFO  o.a.m.s.f.DefaultMavenResourcesFiltering - Copying 1 resource from src\main\resources to target\classes
2026-03-07 02:24:05,187 [Worker-15: Building] INFO  o.a.m.s.f.DefaultMavenResourcesFiltering - Copying 0 resource from src\main\resources to target\classes
2026-03-07 02:24:05,192 [Worker-15: Building] INFO  o.a.m.s.f.DefaultMavenResourcesFiltering - skip non existing resourceDirectory C:\Users\X1 Carbon\Desktop\miniprojet\backend-sapharma\src\test\resources
2026-03-07 02:24:05,192 [Worker-15: Building] WARN  o.apache.maven.project.MavenProject - Direct modification of compileSourceRoots through clear() is deprecated and will not work in Maven 4.0.0. Please use the add/remove methods instead. If you're using a plugin that causes this warning, please upgrade to the latest version and report an issue if the warning persists. To disable these warnings, set -Dmaven.project.sourceRoots.warningsDisabled=true on the command line, in the .mvn/maven.config file, or in project POM properties.
2026-03-07 02:24:05,193 [Worker-15: Building] WARN  o.apache.maven.project.MavenProject - Direct modification of compileSourceRoots through add() is deprecated and will not work in Maven 4.0.0. Please use the add/remove methods instead. If you're using a plugin that causes this warning, please upgrade to the latest version and report an issue if the warning persists. To disable these warnings, set -Dmaven.project.sourceRoots.warningsDisabled=true on the command line, in the .mvn/maven.config file, or in project POM properties.
2026-03-07 02:24:05,193 [Worker-15: Building] WARN  o.apache.maven.project.MavenProject - Direct modification of testCompileSourceRoots through clear() is deprecated and will not work in Maven 4.0.0. Please use the add/remove methods instead. If you're using a plugin that causes this warning, please upgrade to the latest version and report an issue if the warning persists. To disable these warnings, set -Dmaven.project.sourceRoots.warningsDisabled=true on the command line, in the .mvn/maven.config file, or in project POM properties.
2026-03-07 02:24:05,194 [Worker-15: Building] WARN  o.apache.maven.project.MavenProject - Direct modification of testCompileSourceRoots through add() is deprecated and will not work in Maven 4.0.0. Please use the add/remove methods instead. If you're using a plugin that causes this warning, please upgrade to the latest version and report an issue if the warning persists. To disable these warnings, set -Dmaven.project.sourceRoots.warningsDisabled=true on the command line, in the .mvn/maven.config file, or in project POM properties.
2026-03-07 02:24:19,978 [Worker-34: Building] INFO  o.a.m.s.f.DefaultMavenResourcesFiltering - Copying 1 resource from src\main\resources to target\classes
2026-03-07 02:24:19,989 [Worker-34: Building] INFO  o.a.m.s.f.DefaultMavenResourcesFiltering - Copying 0 resource from src\main\resources to target\classes
2026-03-07 02:24:19,991 [Worker-34: Building] INFO  o.a.m.s.f.DefaultMavenResourcesFiltering - skip non existing resourceDirectory C:\Users\X1 Carbon\Desktop\miniprojet\backend-sapharma\src\test\resources
2026-03-07 02:24:19,992 [Worker-34: Building] WARN  o.apache.maven.project.MavenProject - Direct modification of compileSourceRoots through clear() is deprecated and will not work in Maven 4.0.0. Please use the add/remove methods instead. If you're using a plugin that causes this warning, please upgrade to the latest version and report an issue if the warning persists. To disable these warnings, set -Dmaven.project.sourceRoots.warningsDisabled=true on the command line, in the .mvn/maven.config file, or in project POM properties.
2026-03-07 02:24:19,992 [Worker-34: Building] WARN  o.apache.maven.project.MavenProject - Direct modification of compileSourceRoots through add() is deprecated and will not work in Maven 4.0.0. Please use the add/remove methods instead. If you're using a plugin that causes this warning, please upgrade to the latest version and report an issue if the warning persists. To disable these warnings, set -Dmaven.project.sourceRoots.warningsDisabled=true on the command line, in the .mvn/maven.config file, or in project POM properties.
2026-03-07 02:24:19,993 [Worker-34: Building] WARN  o.apache.maven.project.MavenProject - Direct modification of testCompileSourceRoots through clear() is deprecated and will not work in Maven 4.0.0. Please use the add/remove methods instead. If you're using a plugin that causes this warning, please upgrade to the latest version and report an issue if the warning persists. To disable these warnings, set -Dmaven.project.sourceRoots.warningsDisabled=true on the command line, in the .mvn/maven.config file, or in project POM properties.
2026-03-07 02:24:19,993 [Worker-34: Building] WARN  o.apache.maven.project.MavenProject - Direct modification of testCompileSourceRoots through add() is deprecated and will not work in Maven 4.0.0. Please use the add/remove methods instead. If you're using a plugin that causes this warning, please upgrade to the latest version and report an issue if the warning persists. To disable these warnings, set -Dmaven.project.sourceRoots.warningsDisabled=true on the command line, in the .mvn/maven.config file, or in project POM properties.
2026-03-07 02:28:04,060 [Worker-15: Building] INFO  o.a.m.s.f.DefaultMavenResourcesFiltering - Copying 1 resource from src\main\resources to target\classes
2026-03-07 02:28:04,074 [Worker-15: Building] INFO  o.a.m.s.f.DefaultMavenResourcesFiltering - Copying 0 resource from src\main\resources to target\classes
2026-03-07 02:28:04,077 [Worker-15: Building] INFO  o.a.m.s.f.DefaultMavenResourcesFiltering - skip non existing resourceDirectory C:\Users\X1 Carbon\Desktop\miniprojet\backend-sapharma\src\test\resources
2026-03-07 02:28:04,079 [Worker-15: Building] WARN  o.apache.maven.project.MavenProject - Direct modification of compileSourceRoots through clear() is deprecated and will not work in Maven 4.0.0. Please use the add/remove methods instead. If you're using a plugin that causes this warning, please upgrade to the latest version and report an issue if the warning persists. To disable these warnings, set -Dmaven.project.sourceRoots.warningsDisabled=true on the command line, in the .mvn/maven.config file, or in project POM properties.
2026-03-07 02:28:04,082 [Worker-15: Building] WARN  o.apache.maven.project.MavenProject - Direct modification of compileSourceRoots through add() is deprecated and will not work in Maven 4.0.0. Please use the add/remove methods instead. If you're using a plugin that causes this warning, please upgrade to the latest version and report an issue if the warning persists. To disable these warnings, set -Dmaven.project.sourceRoots.warningsDisabled=true on the command line, in the .mvn/maven.config file, or in project POM properties.
2026-03-07 02:28:04,083 [Worker-15: Building] WARN  o.apache.maven.project.MavenProject - Direct modification of testCompileSourceRoots through clear() is deprecated and will not work in Maven 4.0.0. Please use the add/remove methods instead. If you're using a plugin that causes this warning, please upgrade to the latest version and report an issue if the warning persists. To disable these warnings, set -Dmaven.project.sourceRoots.warningsDisabled=true on the command line, in the .mvn/maven.config file, or in project POM properties.
2026-03-07 02:28:04,084 [Worker-15: Building] WARN  o.apache.maven.project.MavenProject - Direct modification of testCompileSourceRoots through add() is deprecated and will not work in Maven 4.0.0. Please use the add/remove methods instead. If you're using a plugin that causes this warning, please upgrade to the latest version and report an issue if the warning persists. To disable these warnings, set -Dmaven.project.sourceRoots.warningsDisabled=true on the command line, in the .mvn/maven.config file, or in project POM properties.
2026-03-07 02:30:13,997 [Worker-26: Building] INFO  o.a.m.s.f.DefaultMavenResourcesFiltering - Copying 1 resource from src\main\resources to target\classes
2026-03-07 02:30:14,010 [Worker-26: Building] INFO  o.a.m.s.f.DefaultMavenResourcesFiltering - Copying 0 resource from src\main\resources to target\classes
2026-03-07 02:30:14,015 [Worker-26: Building] INFO  o.a.m.s.f.DefaultMavenResourcesFiltering - skip non existing resourceDirectory C:\Users\X1 Carbon\Desktop\miniprojet\backend-sapharma\src\test\resources
2026-03-07 02:30:14,016 [Worker-26: Building] WARN  o.apache.maven.project.MavenProject - Direct modification of compileSourceRoots through clear() is deprecated and will not work in Maven 4.0.0. Please use the add/remove methods instead. If you're using a plugin that causes this warning, please upgrade to the latest version and report an issue if the warning persists. To disable these warnings, set -Dmaven.project.sourceRoots.warningsDisabled=true on the command line, in the .mvn/maven.config file, or in project POM properties.
2026-03-07 02:30:14,019 [Worker-26: Building] WARN  o.apache.maven.project.MavenProject - Direct modification of compileSourceRoots through add() is deprecated and will not work in Maven 4.0.0. Please use the add/remove methods instead. If you're using a plugin that causes this warning, please upgrade to the latest version and report an issue if the warning persists. To disable these warnings, set -Dmaven.project.sourceRoots.warningsDisabled=true on the command line, in the .mvn/maven.config file, or in project POM properties.
2026-03-07 02:30:14,020 [Worker-26: Building] WARN  o.apache.maven.project.MavenProject - Direct modification of testCompileSourceRoots through clear() is deprecated and will not work in Maven 4.0.0. Please use the add/remove methods instead. If you're using a plugin that causes this warning, please upgrade to the latest version and report an issue if the warning persists. To disable these warnings, set -Dmaven.project.sourceRoots.warningsDisabled=true on the command line, in the .mvn/maven.config file, or in project POM properties.
2026-03-07 02:30:14,020 [Worker-26: Building] WARN  o.apache.maven.project.MavenProject - Direct modification of testCompileSourceRoots through add() is deprecated and will not work in Maven 4.0.0. Please use the add/remove methods instead. If you're using a plugin that causes this warning, please upgrade to the latest version and report an issue if the warning persists. To disable these warnings, set -Dmaven.project.sourceRoots.warningsDisabled=true on the command line, in the .mvn/maven.config file, or in project POM properties.
2026-03-07 02:37:54,100 [Worker-26: Building] INFO  o.a.m.s.f.DefaultMavenResourcesFiltering - Copying 1 resource from src\main\resources to target\classes
2026-03-07 02:37:54,214 [Worker-26: Building] INFO  o.a.m.s.f.DefaultMavenResourcesFiltering - Copying 0 resource from src\main\resources to target\classes
2026-03-07 02:37:54,221 [Worker-26: Building] INFO  o.a.m.s.f.DefaultMavenResourcesFiltering - skip non existing resourceDirectory C:\Users\X1 Carbon\Desktop\miniprojet\backend-sapharma\src\test\resources
2026-03-07 02:37:54,221 [Worker-26: Building] WARN  o.apache.maven.project.MavenProject - Direct modification of compileSourceRoots through clear() is deprecated and will not work in Maven 4.0.0. Please use the add/remove methods instead. If you're using a plugin that causes this warning, please upgrade to the latest version and report an issue if the warning persists. To disable these warnings, set -Dmaven.project.sourceRoots.warningsDisabled=true on the command line, in the .mvn/maven.config file, or in project POM properties.
2026-03-07 02:37:54,232 [Worker-26: Building] WARN  o.apache.maven.project.MavenProject - Direct modification of compileSourceRoots through add() is deprecated and will not work in Maven 4.0.0. Please use the add/remove methods instead. If you're using a plugin that causes this warning, please upgrade to the latest version and report an issue if the warning persists. To disable these warnings, set -Dmaven.project.sourceRoots.warningsDisabled=true on the command line, in the .mvn/maven.config file, or in project POM properties.
2026-03-07 02:37:54,233 [Worker-26: Building] WARN  o.apache.maven.project.MavenProject - Direct modification of testCompileSourceRoots through clear() is deprecated and will not work in Maven 4.0.0. Please use the add/remove methods instead. If you're using a plugin that causes this warning, please upgrade to the latest version and report an issue if the warning persists. To disable these warnings, set -Dmaven.project.sourceRoots.warningsDisabled=true on the command line, in the .mvn/maven.config file, or in project POM properties.
2026-03-07 02:37:54,234 [Worker-26: Building] WARN  o.apache.maven.project.MavenProject - Direct modification of testCompileSourceRoots through add() is deprecated and will not work in Maven 4.0.0. Please use the add/remove methods instead. If you're using a plugin that causes this warning, please upgrade to the latest version and report an issue if the warning persists. To disable these warnings, set -Dmaven.project.sourceRoots.warningsDisabled=true on the command line, in the .mvn/maven.config file, or in project POM properties.
2026-03-07 02:50:53,690 [Worker-35: Building] INFO  o.a.m.s.f.DefaultMavenResourcesFiltering - Copying 1 resource from src\main\resources to target\classes
2026-03-07 02:50:53,746 [Worker-35: Building] INFO  o.a.m.s.f.DefaultMavenResourcesFiltering - Copying 0 resource from src\main\resources to target\classes
2026-03-07 02:50:53,749 [Worker-35: Building] INFO  o.a.m.s.f.DefaultMavenResourcesFiltering - skip non existing resourceDirectory C:\Users\X1 Carbon\Desktop\miniprojet\backend-sapharma\src\test\resources
2026-03-07 02:50:53,751 [Worker-35: Building] WARN  o.apache.maven.project.MavenProject - Direct modification of compileSourceRoots through clear() is deprecated and will not work in Maven 4.0.0. Please use the add/remove methods instead. If you're using a plugin that causes this warning, please upgrade to the latest version and report an issue if the warning persists. To disable these warnings, set -Dmaven.project.sourceRoots.warningsDisabled=true on the command line, in the .mvn/maven.config file, or in project POM properties.
2026-03-07 02:50:53,756 [Worker-35: Building] WARN  o.apache.maven.project.MavenProject - Direct modification of compileSourceRoots through add() is deprecated and will not work in Maven 4.0.0. Please use the add/remove methods instead. If you're using a plugin that causes this warning, please upgrade to the latest version and report an issue if the warning persists. To disable these warnings, set -Dmaven.project.sourceRoots.warningsDisabled=true on the command line, in the .mvn/maven.config file, or in project POM properties.
2026-03-07 02:50:53,757 [Worker-35: Building] WARN  o.apache.maven.project.MavenProject - Direct modification of testCompileSourceRoots through clear() is deprecated and will not work in Maven 4.0.0. Please use the add/remove methods instead. If you're using a plugin that causes this warning, please upgrade to the latest version and report an issue if the warning persists. To disable these warnings, set -Dmaven.project.sourceRoots.warningsDisabled=true on the command line, in the .mvn/maven.config file, or in project POM properties.
2026-03-07 02:50:53,758 [Worker-35: Building] WARN  o.apache.maven.project.MavenProject - Direct modification of testCompileSourceRoots through add() is deprecated and will not work in Maven 4.0.0. Please use the add/remove methods instead. If you're using a plugin that causes this warning, please upgrade to the latest version and report an issue if the warning persists. To disable these warnings, set -Dmaven.project.sourceRoots.warningsDisabled=true on the command line, in the .mvn/maven.config file, or in project POM properties.
2026-03-07 03:05:41,104 [Worker-31: Building] INFO  o.a.m.s.f.DefaultMavenResourcesFiltering - Copying 1 resource from src\main\resources to target\classes
2026-03-07 03:05:41,237 [Worker-31: Building] INFO  o.a.m.s.f.DefaultMavenResourcesFiltering - Copying 0 resource from src\main\resources to target\classes
2026-03-07 03:05:41,247 [Worker-31: Building] INFO  o.a.m.s.f.DefaultMavenResourcesFiltering - skip non existing resourceDirectory C:\Users\X1 Carbon\Desktop\miniprojet\backend-sapharma\src\test\resources
2026-03-07 03:05:41,251 [Worker-31: Building] WARN  o.apache.maven.project.MavenProject - Direct modification of compileSourceRoots through clear() is deprecated and will not work in Maven 4.0.0. Please use the add/remove methods instead. If you're using a plugin that causes this warning, please upgrade to the latest version and report an issue if the warning persists. To disable these warnings, set -Dmaven.project.sourceRoots.warningsDisabled=true on the command line, in the .mvn/maven.config file, or in project POM properties.
2026-03-07 03:05:41,278 [Worker-31: Building] WARN  o.apache.maven.project.MavenProject - Direct modification of compileSourceRoots through add() is deprecated and will not work in Maven 4.0.0. Please use the add/remove methods instead. If you're using a plugin that causes this warning, please upgrade to the latest version and report an issue if the warning persists. To disable these warnings, set -Dmaven.project.sourceRoots.warningsDisabled=true on the command line, in the .mvn/maven.config file, or in project POM properties.
2026-03-07 03:05:41,281 [Worker-31: Building] WARN  o.apache.maven.project.MavenProject - Direct modification of testCompileSourceRoots through clear() is deprecated and will not work in Maven 4.0.0. Please use the add/remove methods instead. If you're using a plugin that causes this warning, please upgrade to the latest version and report an issue if the warning persists. To disable these warnings, set -Dmaven.project.sourceRoots.warningsDisabled=true on the command line, in the .mvn/maven.config file, or in project POM properties.
2026-03-07 03:05:41,282 [Worker-31: Building] WARN  o.apache.maven.project.MavenProject - Direct modification of testCompileSourceRoots through add() is deprecated and will not work in Maven 4.0.0. Please use the add/remove methods instead. If you're using a plugin that causes this warning, please upgrade to the latest version and report an issue if the warning persists. To disable these warnings, set -Dmaven.project.sourceRoots.warningsDisabled=true on the command line, in the .mvn/maven.config file, or in project POM properties.
2026-03-07 04:04:16,261 [Worker-26: Building] INFO  o.a.m.s.f.DefaultMavenResourcesFiltering - Copying 1 resource from src\main\resources to target\classes
2026-03-07 04:04:16,331 [Worker-26: Building] INFO  o.a.m.s.f.DefaultMavenResourcesFiltering - Copying 0 resource from src\main\resources to target\classes
2026-03-07 04:04:16,337 [Worker-26: Building] INFO  o.a.m.s.f.DefaultMavenResourcesFiltering - skip non existing resourceDirectory C:\Users\X1 Carbon\Desktop\miniprojet\backend-sapharma\src\test\resources
2026-03-07 04:04:16,339 [Worker-26: Building] WARN  o.apache.maven.project.MavenProject - Direct modification of compileSourceRoots through clear() is deprecated and will not work in Maven 4.0.0. Please use the add/remove methods instead. If you're using a plugin that causes this warning, please upgrade to the latest version and report an issue if the warning persists. To disable these warnings, set -Dmaven.project.sourceRoots.warningsDisabled=true on the command line, in the .mvn/maven.config file, or in project POM properties.
2026-03-07 04:04:16,340 [Worker-26: Building] WARN  o.apache.maven.project.MavenProject - Direct modification of compileSourceRoots through add() is deprecated and will not work in Maven 4.0.0. Please use the add/remove methods instead. If you're using a plugin that causes this warning, please upgrade to the latest version and report an issue if the warning persists. To disable these warnings, set -Dmaven.project.sourceRoots.warningsDisabled=true on the command line, in the .mvn/maven.config file, or in project POM properties.
2026-03-07 04:04:16,341 [Worker-26: Building] WARN  o.apache.maven.project.MavenProject - Direct modification of testCompileSourceRoots through clear() is deprecated and will not work in Maven 4.0.0. Please use the add/remove methods instead. If you're using a plugin that causes this warning, please upgrade to the latest version and report an issue if the warning persists. To disable these warnings, set -Dmaven.project.sourceRoots.warningsDisabled=true on the command line, in the .mvn/maven.config file, or in project POM properties.
2026-03-07 04:04:16,343 [Worker-26: Building] WARN  o.apache.maven.project.MavenProject - Direct modification of testCompileSourceRoots through add() is deprecated and will not work in Maven 4.0.0. Please use the add/remove methods instead. If you're using a plugin that causes this warning, please upgrade to the latest version and report an issue if the warning persists. To disable these warnings, set -Dmaven.project.sourceRoots.warningsDisabled=true on the command line, in the .mvn/maven.config file, or in project POM properties.
2026-03-07 04:07:35,650 [Worker-26: Launching backend-sapharma - BackendSapharmaApplication] INFO  o.a.m.s.f.DefaultMavenResourcesFiltering - Copying 1 resource from src\main\resources to target\classes
2026-03-07 04:07:35,662 [Worker-26: Launching backend-sapharma - BackendSapharmaApplication] INFO  o.a.m.s.f.DefaultMavenResourcesFiltering - Copying 0 resource from src\main\resources to target\classes
2026-03-07 04:07:35,668 [Worker-26: Launching backend-sapharma - BackendSapharmaApplication] INFO  o.a.m.s.f.DefaultMavenResourcesFiltering - skip non existing resourceDirectory C:\Users\X1 Carbon\Desktop\miniprojet\backend-sapharma\src\test\resources
2026-03-07 04:07:35,668 [Worker-26: Launching backend-sapharma - BackendSapharmaApplication] WARN  o.apache.maven.project.MavenProject - Direct modification of compileSourceRoots through clear() is deprecated and will not work in Maven 4.0.0. Please use the add/remove methods instead. If you're using a plugin that causes this warning, please upgrade to the latest version and report an issue if the warning persists. To disable these warnings, set -Dmaven.project.sourceRoots.warningsDisabled=true on the command line, in the .mvn/maven.config file, or in project POM properties.
2026-03-07 04:07:35,672 [Worker-26: Launching backend-sapharma - BackendSapharmaApplication] WARN  o.apache.maven.project.MavenProject - Direct modification of compileSourceRoots through add() is deprecated and will not work in Maven 4.0.0. Please use the add/remove methods instead. If you're using a plugin that causes this warning, please upgrade to the latest version and report an issue if the warning persists. To disable these warnings, set -Dmaven.project.sourceRoots.warningsDisabled=true on the command line, in the .mvn/maven.config file, or in project POM properties.
2026-03-07 04:07:35,672 [Worker-26: Launching backend-sapharma - BackendSapharmaApplication] WARN  o.apache.maven.project.MavenProject - Direct modification of testCompileSourceRoots through clear() is deprecated and will not work in Maven 4.0.0. Please use the add/remove methods instead. If you're using a plugin that causes this warning, please upgrade to the latest version and report an issue if the warning persists. To disable these warnings, set -Dmaven.project.sourceRoots.warningsDisabled=true on the command line, in the .mvn/maven.config file, or in project POM properties.
2026-03-07 04:07:35,674 [Worker-26: Launching backend-sapharma - BackendSapharmaApplication] WARN  o.apache.maven.project.MavenProject - Direct modification of testCompileSourceRoots through add() is deprecated and will not work in Maven 4.0.0. Please use the add/remove methods instead. If you're using a plugin that causes this warning, please upgrade to the latest version and report an issue if the warning persists. To disable these warnings, set -Dmaven.project.sourceRoots.warningsDisabled=true on the command line, in the .mvn/maven.config file, or in project POM properties.
2026-03-07 04:19:10,971 [Worker-38: Building] INFO  o.a.m.s.f.DefaultMavenResourcesFiltering - Copying 1 resource from src\main\resources to target\classes
2026-03-07 04:19:10,997 [Worker-38: Building] INFO  o.a.m.s.f.DefaultMavenResourcesFiltering - Copying 0 resource from src\main\resources to target\classes
2026-03-07 04:19:11,003 [Worker-38: Building] INFO  o.a.m.s.f.DefaultMavenResourcesFiltering - skip non existing resourceDirectory C:\Users\X1 Carbon\Desktop\miniprojet\backend-sapharma\src\test\resources
2026-03-07 04:19:11,003 [Worker-38: Building] WARN  o.apache.maven.project.MavenProject - Direct modification of compileSourceRoots through clear() is deprecated and will not work in Maven 4.0.0. Please use the add/remove methods instead. If you're using a plugin that causes this warning, please upgrade to the latest version and report an issue if the warning persists. To disable these warnings, set -Dmaven.project.sourceRoots.warningsDisabled=true on the command line, in the .mvn/maven.config file, or in project POM properties.
2026-03-07 04:19:11,008 [Worker-38: Building] WARN  o.apache.maven.project.MavenProject - Direct modification of compileSourceRoots through add() is deprecated and will not work in Maven 4.0.0. Please use the add/remove methods instead. If you're using a plugin that causes this warning, please upgrade to the latest version and report an issue if the warning persists. To disable these warnings, set -Dmaven.project.sourceRoots.warningsDisabled=true on the command line, in the .mvn/maven.config file, or in project POM properties.
2026-03-07 04:19:11,009 [Worker-38: Building] WARN  o.apache.maven.project.MavenProject - Direct modification of testCompileSourceRoots through clear() is deprecated and will not work in Maven 4.0.0. Please use the add/remove methods instead. If you're using a plugin that causes this warning, please upgrade to the latest version and report an issue if the warning persists. To disable these warnings, set -Dmaven.project.sourceRoots.warningsDisabled=true on the command line, in the .mvn/maven.config file, or in project POM properties.
2026-03-07 04:19:11,011 [Worker-38: Building] WARN  o.apache.maven.project.MavenProject - Direct modification of testCompileSourceRoots through add() is deprecated and will not work in Maven 4.0.0. Please use the add/remove methods instead. If you're using a plugin that causes this warning, please upgrade to the latest version and report an issue if the warning persists. To disable these warnings, set -Dmaven.project.sourceRoots.warningsDisabled=true on the command line, in the .mvn/maven.config file, or in project POM properties.
2026-03-07 04:25:33,311 [Worker-37: Building] INFO  o.a.m.s.f.DefaultMavenResourcesFiltering - Copying 1 resource from src\main\resources to target\classes
2026-03-07 04:25:33,324 [Worker-37: Building] INFO  o.a.m.s.f.DefaultMavenResourcesFiltering - Copying 0 resource from src\main\resources to target\classes
2026-03-07 04:25:33,331 [Worker-37: Building] INFO  o.a.m.s.f.DefaultMavenResourcesFiltering - skip non existing resourceDirectory C:\Users\X1 Carbon\Desktop\miniprojet\backend-sapharma\src\test\resources
2026-03-07 04:25:33,332 [Worker-37: Building] WARN  o.apache.maven.project.MavenProject - Direct modification of compileSourceRoots through clear() is deprecated and will not work in Maven 4.0.0. Please use the add/remove methods instead. If you're using a plugin that causes this warning, please upgrade to the latest version and report an issue if the warning persists. To disable these warnings, set -Dmaven.project.sourceRoots.warningsDisabled=true on the command line, in the .mvn/maven.config file, or in project POM properties.
2026-03-07 04:25:33,333 [Worker-37: Building] WARN  o.apache.maven.project.MavenProject - Direct modification of compileSourceRoots through add() is deprecated and will not work in Maven 4.0.0. Please use the add/remove methods instead. If you're using a plugin that causes this warning, please upgrade to the latest version and report an issue if the warning persists. To disable these warnings, set -Dmaven.project.sourceRoots.warningsDisabled=true on the command line, in the .mvn/maven.config file, or in project POM properties.
2026-03-07 04:25:33,334 [Worker-37: Building] WARN  o.apache.maven.project.MavenProject - Direct modification of testCompileSourceRoots through clear() is deprecated and will not work in Maven 4.0.0. Please use the add/remove methods instead. If you're using a plugin that causes this warning, please upgrade to the latest version and report an issue if the warning persists. To disable these warnings, set -Dmaven.project.sourceRoots.warningsDisabled=true on the command line, in the .mvn/maven.config file, or in project POM properties.
2026-03-07 04:25:33,336 [Worker-37: Building] WARN  o.apache.maven.project.MavenProject - Direct modification of testCompileSourceRoots through add() is deprecated and will not work in Maven 4.0.0. Please use the add/remove methods instead. If you're using a plugin that causes this warning, please upgrade to the latest version and report an issue if the warning persists. To disable these warnings, set -Dmaven.project.sourceRoots.warningsDisabled=true on the command line, in the .mvn/maven.config file, or in project POM properties.
2026-03-07 04:26:06,371 [Worker-37: Building] INFO  o.a.m.s.f.DefaultMavenResourcesFiltering - Copying 1 resource from src\main\resources to target\classes
2026-03-07 04:26:06,378 [Worker-37: Building] INFO  o.a.m.s.f.DefaultMavenResourcesFiltering - Copying 0 resource from src\main\resources to target\classes
2026-03-07 04:26:06,383 [Worker-37: Building] INFO  o.a.m.s.f.DefaultMavenResourcesFiltering - skip non existing resourceDirectory C:\Users\X1 Carbon\Desktop\miniprojet\backend-sapharma\src\test\resources
2026-03-07 04:26:06,383 [Worker-37: Building] WARN  o.apache.maven.project.MavenProject - Direct modification of compileSourceRoots through clear() is deprecated and will not work in Maven 4.0.0. Please use the add/remove methods instead. If you're using a plugin that causes this warning, please upgrade to the latest version and report an issue if the warning persists. To disable these warnings, set -Dmaven.project.sourceRoots.warningsDisabled=true on the command line, in the .mvn/maven.config file, or in project POM properties.
2026-03-07 04:26:06,385 [Worker-37: Building] WARN  o.apache.maven.project.MavenProject - Direct modification of compileSourceRoots through add() is deprecated and will not work in Maven 4.0.0. Please use the add/remove methods instead. If you're using a plugin that causes this warning, please upgrade to the latest version and report an issue if the warning persists. To disable these warnings, set -Dmaven.project.sourceRoots.warningsDisabled=true on the command line, in the .mvn/maven.config file, or in project POM properties.
2026-03-07 04:26:06,387 [Worker-37: Building] WARN  o.apache.maven.project.MavenProject - Direct modification of testCompileSourceRoots through clear() is deprecated and will not work in Maven 4.0.0. Please use the add/remove methods instead. If you're using a plugin that causes this warning, please upgrade to the latest version and report an issue if the warning persists. To disable these warnings, set -Dmaven.project.sourceRoots.warningsDisabled=true on the command line, in the .mvn/maven.config file, or in project POM properties.
2026-03-07 04:26:06,388 [Worker-37: Building] WARN  o.apache.maven.project.MavenProject - Direct modification of testCompileSourceRoots through add() is deprecated and will not work in Maven 4.0.0. Please use the add/remove methods instead. If you're using a plugin that causes this warning, please upgrade to the latest version and report an issue if the warning persists. To disable these warnings, set -Dmaven.project.sourceRoots.warningsDisabled=true on the command line, in the .mvn/maven.config file, or in project POM properties.
2026-03-07 04:32:15,587 [Worker-35: Building] INFO  o.a.m.s.f.DefaultMavenResourcesFiltering - Copying 1 resource from src\main\resources to target\classes
2026-03-07 04:32:15,598 [Worker-35: Building] INFO  o.a.m.s.f.DefaultMavenResourcesFiltering - Copying 0 resource from src\main\resources to target\classes
2026-03-07 04:32:15,604 [Worker-35: Building] INFO  o.a.m.s.f.DefaultMavenResourcesFiltering - skip non existing resourceDirectory C:\Users\X1 Carbon\Desktop\miniprojet\backend-sapharma\src\test\resources
2026-03-07 04:32:15,604 [Worker-35: Building] WARN  o.apache.maven.project.MavenProject - Direct modification of compileSourceRoots through clear() is deprecated and will not work in Maven 4.0.0. Please use the add/remove methods instead. If you're using a plugin that causes this warning, please upgrade to the latest version and report an issue if the warning persists. To disable these warnings, set -Dmaven.project.sourceRoots.warningsDisabled=true on the command line, in the .mvn/maven.config file, or in project POM properties.
2026-03-07 04:32:15,606 [Worker-35: Building] WARN  o.apache.maven.project.MavenProject - Direct modification of compileSourceRoots through add() is deprecated and will not work in Maven 4.0.0. Please use the add/remove methods instead. If you're using a plugin that causes this warning, please upgrade to the latest version and report an issue if the warning persists. To disable these warnings, set -Dmaven.project.sourceRoots.warningsDisabled=true on the command line, in the .mvn/maven.config file, or in project POM properties.
2026-03-07 04:32:15,607 [Worker-35: Building] WARN  o.apache.maven.project.MavenProject - Direct modification of testCompileSourceRoots through clear() is deprecated and will not work in Maven 4.0.0. Please use the add/remove methods instead. If you're using a plugin that causes this warning, please upgrade to the latest version and report an issue if the warning persists. To disable these warnings, set -Dmaven.project.sourceRoots.warningsDisabled=true on the command line, in the .mvn/maven.config file, or in project POM properties.
2026-03-07 04:32:15,608 [Worker-35: Building] WARN  o.apache.maven.project.MavenProject - Direct modification of testCompileSourceRoots through add() is deprecated and will not work in Maven 4.0.0. Please use the add/remove methods instead. If you're using a plugin that causes this warning, please upgrade to the latest version and report an issue if the warning persists. To disable these warnings, set -Dmaven.project.sourceRoots.warningsDisabled=true on the command line, in the .mvn/maven.config file, or in project POM properties.
2026-03-07 04:40:03,741 [Worker-7: Building] INFO  o.a.m.s.f.DefaultMavenResourcesFiltering - Copying 0 resource from src\main\resources to target\classes
2026-03-07 04:40:03,745 [Worker-7: Building] INFO  o.a.m.s.f.DefaultMavenResourcesFiltering - Copying 0 resource from src\main\resources to target\classes
2026-03-07 04:40:03,752 [Worker-7: Building] INFO  o.a.m.s.f.DefaultMavenResourcesFiltering - skip non existing resourceDirectory C:\Users\X1 Carbon\Desktop\miniprojet\backend-sapharma\src\test\resources
2026-03-07 04:40:03,753 [Worker-7: Building] WARN  o.apache.maven.project.MavenProject - Direct modification of compileSourceRoots through clear() is deprecated and will not work in Maven 4.0.0. Please use the add/remove methods instead. If you're using a plugin that causes this warning, please upgrade to the latest version and report an issue if the warning persists. To disable these warnings, set -Dmaven.project.sourceRoots.warningsDisabled=true on the command line, in the .mvn/maven.config file, or in project POM properties.
2026-03-07 04:40:03,760 [Worker-7: Building] WARN  o.apache.maven.project.MavenProject - Direct modification of compileSourceRoots through add() is deprecated and will not work in Maven 4.0.0. Please use the add/remove methods instead. If you're using a plugin that causes this warning, please upgrade to the latest version and report an issue if the warning persists. To disable these warnings, set -Dmaven.project.sourceRoots.warningsDisabled=true on the command line, in the .mvn/maven.config file, or in project POM properties.
2026-03-07 04:40:03,761 [Worker-7: Building] WARN  o.apache.maven.project.MavenProject - Direct modification of testCompileSourceRoots through clear() is deprecated and will not work in Maven 4.0.0. Please use the add/remove methods instead. If you're using a plugin that causes this warning, please upgrade to the latest version and report an issue if the warning persists. To disable these warnings, set -Dmaven.project.sourceRoots.warningsDisabled=true on the command line, in the .mvn/maven.config file, or in project POM properties.
2026-03-07 04:40:03,762 [Worker-7: Building] WARN  o.apache.maven.project.MavenProject - Direct modification of testCompileSourceRoots through add() is deprecated and will not work in Maven 4.0.0. Please use the add/remove methods instead. If you're using a plugin that causes this warning, please upgrade to the latest version and report an issue if the warning persists. To disable these warnings, set -Dmaven.project.sourceRoots.warningsDisabled=true on the command line, in the .mvn/maven.config file, or in project POM properties.
2026-03-07 04:41:27,027 [Worker-15: Building] INFO  o.a.m.s.f.DefaultMavenResourcesFiltering - Copying 0 resource from src\main\resources to target\classes
2026-03-07 04:41:27,029 [Worker-15: Building] INFO  o.a.m.s.f.DefaultMavenResourcesFiltering - Copying 0 resource from src\main\resources to target\classes
2026-03-07 04:41:27,037 [Worker-15: Building] INFO  o.a.m.s.f.DefaultMavenResourcesFiltering - skip non existing resourceDirectory C:\Users\X1 Carbon\Desktop\miniprojet\backend-sapharma\src\test\resources
2026-03-07 04:41:27,037 [Worker-15: Building] WARN  o.apache.maven.project.MavenProject - Direct modification of compileSourceRoots through clear() is deprecated and will not work in Maven 4.0.0. Please use the add/remove methods instead. If you're using a plugin that causes this warning, please upgrade to the latest version and report an issue if the warning persists. To disable these warnings, set -Dmaven.project.sourceRoots.warningsDisabled=true on the command line, in the .mvn/maven.config file, or in project POM properties.
2026-03-07 04:41:27,039 [Worker-15: Building] WARN  o.apache.maven.project.MavenProject - Direct modification of compileSourceRoots through add() is deprecated and will not work in Maven 4.0.0. Please use the add/remove methods instead. If you're using a plugin that causes this warning, please upgrade to the latest version and report an issue if the warning persists. To disable these warnings, set -Dmaven.project.sourceRoots.warningsDisabled=true on the command line, in the .mvn/maven.config file, or in project POM properties.
2026-03-07 04:41:27,040 [Worker-15: Building] WARN  o.apache.maven.project.MavenProject - Direct modification of testCompileSourceRoots through clear() is deprecated and will not work in Maven 4.0.0. Please use the add/remove methods instead. If you're using a plugin that causes this warning, please upgrade to the latest version and report an issue if the warning persists. To disable these warnings, set -Dmaven.project.sourceRoots.warningsDisabled=true on the command line, in the .mvn/maven.config file, or in project POM properties.
2026-03-07 04:41:27,041 [Worker-15: Building] WARN  o.apache.maven.project.MavenProject - Direct modification of testCompileSourceRoots through add() is deprecated and will not work in Maven 4.0.0. Please use the add/remove methods instead. If you're using a plugin that causes this warning, please upgrade to the latest version and report an issue if the warning persists. To disable these warnings, set -Dmaven.project.sourceRoots.warningsDisabled=true on the command line, in the .mvn/maven.config file, or in project POM properties.
2026-03-07 04:43:01,566 [Worker-35: Building] INFO  o.a.m.s.f.DefaultMavenResourcesFiltering - Copying 1 resource from src\main\resources to target\classes
2026-03-07 04:43:01,602 [Worker-35: Building] INFO  o.a.m.s.f.DefaultMavenResourcesFiltering - Copying 0 resource from src\main\resources to target\classes
2026-03-07 04:43:01,609 [Worker-35: Building] INFO  o.a.m.s.f.DefaultMavenResourcesFiltering - skip non existing resourceDirectory C:\Users\X1 Carbon\Desktop\miniprojet\backend-sapharma\src\test\resources
2026-03-07 04:43:01,609 [Worker-35: Building] WARN  o.apache.maven.project.MavenProject - Direct modification of compileSourceRoots through clear() is deprecated and will not work in Maven 4.0.0. Please use the add/remove methods instead. If you're using a plugin that causes this warning, please upgrade to the latest version and report an issue if the warning persists. To disable these warnings, set -Dmaven.project.sourceRoots.warningsDisabled=true on the command line, in the .mvn/maven.config file, or in project POM properties.
2026-03-07 04:43:01,611 [Worker-35: Building] WARN  o.apache.maven.project.MavenProject - Direct modification of compileSourceRoots through add() is deprecated and will not work in Maven 4.0.0. Please use the add/remove methods instead. If you're using a plugin that causes this warning, please upgrade to the latest version and report an issue if the warning persists. To disable these warnings, set -Dmaven.project.sourceRoots.warningsDisabled=true on the command line, in the .mvn/maven.config file, or in project POM properties.
2026-03-07 04:43:01,612 [Worker-35: Building] WARN  o.apache.maven.project.MavenProject - Direct modification of testCompileSourceRoots through clear() is deprecated and will not work in Maven 4.0.0. Please use the add/remove methods instead. If you're using a plugin that causes this warning, please upgrade to the latest version and report an issue if the warning persists. To disable these warnings, set -Dmaven.project.sourceRoots.warningsDisabled=true on the command line, in the .mvn/maven.config file, or in project POM properties.
2026-03-07 04:43:01,613 [Worker-35: Building] WARN  o.apache.maven.project.MavenProject - Direct modification of testCompileSourceRoots through add() is deprecated and will not work in Maven 4.0.0. Please use the add/remove methods instead. If you're using a plugin that causes this warning, please upgrade to the latest version and report an issue if the warning persists. To disable these warnings, set -Dmaven.project.sourceRoots.warningsDisabled=true on the command line, in the .mvn/maven.config file, or in project POM properties.
2026-03-07 04:46:43,598 [Worker-38: Building] INFO  o.a.m.s.f.DefaultMavenResourcesFiltering - Copying 1 resource from src\main\resources to target\classes
2026-03-07 04:46:43,612 [Worker-38: Building] INFO  o.a.m.s.f.DefaultMavenResourcesFiltering - Copying 0 resource from src\main\resources to target\classes
2026-03-07 04:46:43,619 [Worker-38: Building] INFO  o.a.m.s.f.DefaultMavenResourcesFiltering - skip non existing resourceDirectory C:\Users\X1 Carbon\Desktop\miniprojet\backend-sapharma\src\test\resources
2026-03-07 04:46:43,619 [Worker-38: Building] WARN  o.apache.maven.project.MavenProject - Direct modification of compileSourceRoots through clear() is deprecated and will not work in Maven 4.0.0. Please use the add/remove methods instead. If you're using a plugin that causes this warning, please upgrade to the latest version and report an issue if the warning persists. To disable these warnings, set -Dmaven.project.sourceRoots.warningsDisabled=true on the command line, in the .mvn/maven.config file, or in project POM properties.
2026-03-07 04:46:43,624 [Worker-38: Building] WARN  o.apache.maven.project.MavenProject - Direct modification of compileSourceRoots through add() is deprecated and will not work in Maven 4.0.0. Please use the add/remove methods instead. If you're using a plugin that causes this warning, please upgrade to the latest version and report an issue if the warning persists. To disable these warnings, set -Dmaven.project.sourceRoots.warningsDisabled=true on the command line, in the .mvn/maven.config file, or in project POM properties.
2026-03-07 04:46:43,625 [Worker-38: Building] WARN  o.apache.maven.project.MavenProject - Direct modification of testCompileSourceRoots through clear() is deprecated and will not work in Maven 4.0.0. Please use the add/remove methods instead. If you're using a plugin that causes this warning, please upgrade to the latest version and report an issue if the warning persists. To disable these warnings, set -Dmaven.project.sourceRoots.warningsDisabled=true on the command line, in the .mvn/maven.config file, or in project POM properties.
2026-03-07 04:46:43,626 [Worker-38: Building] WARN  o.apache.maven.project.MavenProject - Direct modification of testCompileSourceRoots through add() is deprecated and will not work in Maven 4.0.0. Please use the add/remove methods instead. If you're using a plugin that causes this warning, please upgrade to the latest version and report an issue if the warning persists. To disable these warnings, set -Dmaven.project.sourceRoots.warningsDisabled=true on the command line, in the .mvn/maven.config file, or in project POM properties.
2026-03-07 04:52:17,572 [Worker-35: Building] INFO  o.a.m.s.f.DefaultMavenResourcesFiltering - Copying 1 resource from src\main\resources to target\classes
2026-03-07 04:52:17,595 [Worker-35: Building] INFO  o.a.m.s.f.DefaultMavenResourcesFiltering - Copying 0 resource from src\main\resources to target\classes
2026-03-07 04:52:17,603 [Worker-35: Building] INFO  o.a.m.s.f.DefaultMavenResourcesFiltering - skip non existing resourceDirectory C:\Users\X1 Carbon\Desktop\miniprojet\backend-sapharma\src\test\resources
2026-03-07 04:52:17,603 [Worker-35: Building] WARN  o.apache.maven.project.MavenProject - Direct modification of compileSourceRoots through clear() is deprecated and will not work in Maven 4.0.0. Please use the add/remove methods instead. If you're using a plugin that causes this warning, please upgrade to the latest version and report an issue if the warning persists. To disable these warnings, set -Dmaven.project.sourceRoots.warningsDisabled=true on the command line, in the .mvn/maven.config file, or in project POM properties.
2026-03-07 04:52:17,605 [Worker-35: Building] WARN  o.apache.maven.project.MavenProject - Direct modification of compileSourceRoots through add() is deprecated and will not work in Maven 4.0.0. Please use the add/remove methods instead. If you're using a plugin that causes this warning, please upgrade to the latest version and report an issue if the warning persists. To disable these warnings, set -Dmaven.project.sourceRoots.warningsDisabled=true on the command line, in the .mvn/maven.config file, or in project POM properties.
2026-03-07 04:52:17,606 [Worker-35: Building] WARN  o.apache.maven.project.MavenProject - Direct modification of testCompileSourceRoots through clear() is deprecated and will not work in Maven 4.0.0. Please use the add/remove methods instead. If you're using a plugin that causes this warning, please upgrade to the latest version and report an issue if the warning persists. To disable these warnings, set -Dmaven.project.sourceRoots.warningsDisabled=true on the command line, in the .mvn/maven.config file, or in project POM properties.
2026-03-07 04:52:17,609 [Worker-35: Building] WARN  o.apache.maven.project.MavenProject - Direct modification of testCompileSourceRoots through add() is deprecated and will not work in Maven 4.0.0. Please use the add/remove methods instead. If you're using a plugin that causes this warning, please upgrade to the latest version and report an issue if the warning persists. To disable these warnings, set -Dmaven.project.sourceRoots.warningsDisabled=true on the command line, in the .mvn/maven.config file, or in project POM properties.
2026-03-07 04:59:48,946 [Worker-39: Building] INFO  o.a.m.s.f.DefaultMavenResourcesFiltering - Copying 1 resource from src\main\resources to target\classes
2026-03-07 04:59:49,002 [Worker-39: Building] INFO  o.a.m.s.f.DefaultMavenResourcesFiltering - Copying 0 resource from src\main\resources to target\classes
2026-03-07 04:59:49,010 [Worker-39: Building] INFO  o.a.m.s.f.DefaultMavenResourcesFiltering - skip non existing resourceDirectory C:\Users\X1 Carbon\Desktop\miniprojet\backend-sapharma\src\test\resources
2026-03-07 04:59:49,011 [Worker-39: Building] WARN  o.apache.maven.project.MavenProject - Direct modification of compileSourceRoots through clear() is deprecated and will not work in Maven 4.0.0. Please use the add/remove methods instead. If you're using a plugin that causes this warning, please upgrade to the latest version and report an issue if the warning persists. To disable these warnings, set -Dmaven.project.sourceRoots.warningsDisabled=true on the command line, in the .mvn/maven.config file, or in project POM properties.
2026-03-07 04:59:49,020 [Worker-39: Building] WARN  o.apache.maven.project.MavenProject - Direct modification of compileSourceRoots through add() is deprecated and will not work in Maven 4.0.0. Please use the add/remove methods instead. If you're using a plugin that causes this warning, please upgrade to the latest version and report an issue if the warning persists. To disable these warnings, set -Dmaven.project.sourceRoots.warningsDisabled=true on the command line, in the .mvn/maven.config file, or in project POM properties.
2026-03-07 04:59:49,021 [Worker-39: Building] WARN  o.apache.maven.project.MavenProject - Direct modification of testCompileSourceRoots through clear() is deprecated and will not work in Maven 4.0.0. Please use the add/remove methods instead. If you're using a plugin that causes this warning, please upgrade to the latest version and report an issue if the warning persists. To disable these warnings, set -Dmaven.project.sourceRoots.warningsDisabled=true on the command line, in the .mvn/maven.config file, or in project POM properties.
2026-03-07 04:59:49,022 [Worker-39: Building] WARN  o.apache.maven.project.MavenProject - Direct modification of testCompileSourceRoots through add() is deprecated and will not work in Maven 4.0.0. Please use the add/remove methods instead. If you're using a plugin that causes this warning, please upgrade to the latest version and report an issue if the warning persists. To disable these warnings, set -Dmaven.project.sourceRoots.warningsDisabled=true on the command line, in the .mvn/maven.config file, or in project POM properties.
2026-03-07 05:03:24,340 [Worker-15: Building] INFO  o.a.m.s.f.DefaultMavenResourcesFiltering - Copying 0 resource from src\main\resources to target\classes
2026-03-07 05:03:24,343 [Worker-15: Building] INFO  o.a.m.s.f.DefaultMavenResourcesFiltering - Copying 0 resource from src\main\resources to target\classes
2026-03-07 05:03:24,350 [Worker-15: Building] INFO  o.a.m.s.f.DefaultMavenResourcesFiltering - skip non existing resourceDirectory C:\Users\X1 Carbon\Desktop\miniprojet\backend-sapharma\src\test\resources
2026-03-07 05:03:24,351 [Worker-15: Building] WARN  o.apache.maven.project.MavenProject - Direct modification of compileSourceRoots through clear() is deprecated and will not work in Maven 4.0.0. Please use the add/remove methods instead. If you're using a plugin that causes this warning, please upgrade to the latest version and report an issue if the warning persists. To disable these warnings, set -Dmaven.project.sourceRoots.warningsDisabled=true on the command line, in the .mvn/maven.config file, or in project POM properties.
2026-03-07 05:03:24,356 [Worker-15: Building] WARN  o.apache.maven.project.MavenProject - Direct modification of compileSourceRoots through add() is deprecated and will not work in Maven 4.0.0. Please use the add/remove methods instead. If you're using a plugin that causes this warning, please upgrade to the latest version and report an issue if the warning persists. To disable these warnings, set -Dmaven.project.sourceRoots.warningsDisabled=true on the command line, in the .mvn/maven.config file, or in project POM properties.
2026-03-07 05:03:24,358 [Worker-15: Building] WARN  o.apache.maven.project.MavenProject - Direct modification of testCompileSourceRoots through clear() is deprecated and will not work in Maven 4.0.0. Please use the add/remove methods instead. If you're using a plugin that causes this warning, please upgrade to the latest version and report an issue if the warning persists. To disable these warnings, set -Dmaven.project.sourceRoots.warningsDisabled=true on the command line, in the .mvn/maven.config file, or in project POM properties.
2026-03-07 05:03:24,359 [Worker-15: Building] WARN  o.apache.maven.project.MavenProject - Direct modification of testCompileSourceRoots through add() is deprecated and will not work in Maven 4.0.0. Please use the add/remove methods instead. If you're using a plugin that causes this warning, please upgrade to the latest version and report an issue if the warning persists. To disable these warnings, set -Dmaven.project.sourceRoots.warningsDisabled=true on the command line, in the .mvn/maven.config file, or in project POM properties.
2026-03-07 05:03:36,898 [Worker-39: Building] INFO  o.a.m.s.f.DefaultMavenResourcesFiltering - Copying 0 resource from src\main\resources to target\classes
2026-03-07 05:03:36,901 [Worker-39: Building] INFO  o.a.m.s.f.DefaultMavenResourcesFiltering - Copying 0 resource from src\main\resources to target\classes
2026-03-07 05:03:36,908 [Worker-39: Building] INFO  o.a.m.s.f.DefaultMavenResourcesFiltering - skip non existing resourceDirectory C:\Users\X1 Carbon\Desktop\miniprojet\backend-sapharma\src\test\resources
2026-03-07 05:03:36,910 [Worker-39: Building] WARN  o.apache.maven.project.MavenProject - Direct modification of compileSourceRoots through clear() is deprecated and will not work in Maven 4.0.0. Please use the add/remove methods instead. If you're using a plugin that causes this warning, please upgrade to the latest version and report an issue if the warning persists. To disable these warnings, set -Dmaven.project.sourceRoots.warningsDisabled=true on the command line, in the .mvn/maven.config file, or in project POM properties.
2026-03-07 05:03:36,911 [Worker-39: Building] WARN  o.apache.maven.project.MavenProject - Direct modification of compileSourceRoots through add() is deprecated and will not work in Maven 4.0.0. Please use the add/remove methods instead. If you're using a plugin that causes this warning, please upgrade to the latest version and report an issue if the warning persists. To disable these warnings, set -Dmaven.project.sourceRoots.warningsDisabled=true on the command line, in the .mvn/maven.config file, or in project POM properties.
2026-03-07 05:03:36,913 [Worker-39: Building] WARN  o.apache.maven.project.MavenProject - Direct modification of testCompileSourceRoots through clear() is deprecated and will not work in Maven 4.0.0. Please use the add/remove methods instead. If you're using a plugin that causes this warning, please upgrade to the latest version and report an issue if the warning persists. To disable these warnings, set -Dmaven.project.sourceRoots.warningsDisabled=true on the command line, in the .mvn/maven.config file, or in project POM properties.
2026-03-07 05:03:36,915 [Worker-39: Building] WARN  o.apache.maven.project.MavenProject - Direct modification of testCompileSourceRoots through add() is deprecated and will not work in Maven 4.0.0. Please use the add/remove methods instead. If you're using a plugin that causes this warning, please upgrade to the latest version and report an issue if the warning persists. To disable these warnings, set -Dmaven.project.sourceRoots.warningsDisabled=true on the command line, in the .mvn/maven.config file, or in project POM properties.
2026-03-07 05:06:10,264 [Worker-15: Building] INFO  o.a.m.s.f.DefaultMavenResourcesFiltering - Copying 0 resource from src\main\resources to target\classes
2026-03-07 05:06:10,265 [Worker-15: Building] INFO  o.a.m.s.f.DefaultMavenResourcesFiltering - Copying 0 resource from src\main\resources to target\classes
2026-03-07 05:06:10,271 [Worker-15: Building] INFO  o.a.m.s.f.DefaultMavenResourcesFiltering - skip non existing resourceDirectory C:\Users\X1 Carbon\Desktop\miniprojet\backend-sapharma\src\test\resources
2026-03-07 05:06:10,272 [Worker-15: Building] WARN  o.apache.maven.project.MavenProject - Direct modification of compileSourceRoots through clear() is deprecated and will not work in Maven 4.0.0. Please use the add/remove methods instead. If you're using a plugin that causes this warning, please upgrade to the latest version and report an issue if the warning persists. To disable these warnings, set -Dmaven.project.sourceRoots.warningsDisabled=true on the command line, in the .mvn/maven.config file, or in project POM properties.
2026-03-07 05:06:10,274 [Worker-15: Building] WARN  o.apache.maven.project.MavenProject - Direct modification of compileSourceRoots through add() is deprecated and will not work in Maven 4.0.0. Please use the add/remove methods instead. If you're using a plugin that causes this warning, please upgrade to the latest version and report an issue if the warning persists. To disable these warnings, set -Dmaven.project.sourceRoots.warningsDisabled=true on the command line, in the .mvn/maven.config file, or in project POM properties.
2026-03-07 05:06:10,275 [Worker-15: Building] WARN  o.apache.maven.project.MavenProject - Direct modification of testCompileSourceRoots through clear() is deprecated and will not work in Maven 4.0.0. Please use the add/remove methods instead. If you're using a plugin that causes this warning, please upgrade to the latest version and report an issue if the warning persists. To disable these warnings, set -Dmaven.project.sourceRoots.warningsDisabled=true on the command line, in the .mvn/maven.config file, or in project POM properties.
2026-03-07 05:06:10,276 [Worker-15: Building] WARN  o.apache.maven.project.MavenProject - Direct modification of testCompileSourceRoots through add() is deprecated and will not work in Maven 4.0.0. Please use the add/remove methods instead. If you're using a plugin that causes this warning, please upgrade to the latest version and report an issue if the warning persists. To disable these warnings, set -Dmaven.project.sourceRoots.warningsDisabled=true on the command line, in the .mvn/maven.config file, or in project POM properties.
2026-03-07 05:14:27,776 [Worker-35: Building] INFO  o.a.m.s.f.DefaultMavenResourcesFiltering - Copying 1 resource from src\main\resources to target\classes
2026-03-07 05:14:27,838 [Worker-35: Building] INFO  o.a.m.s.f.DefaultMavenResourcesFiltering - Copying 0 resource from src\main\resources to target\classes
2026-03-07 05:14:27,845 [Worker-35: Building] INFO  o.a.m.s.f.DefaultMavenResourcesFiltering - skip non existing resourceDirectory C:\Users\X1 Carbon\Desktop\miniprojet\backend-sapharma\src\test\resources
2026-03-07 05:14:27,845 [Worker-35: Building] WARN  o.apache.maven.project.MavenProject - Direct modification of compileSourceRoots through clear() is deprecated and will not work in Maven 4.0.0. Please use the add/remove methods instead. If you're using a plugin that causes this warning, please upgrade to the latest version and report an issue if the warning persists. To disable these warnings, set -Dmaven.project.sourceRoots.warningsDisabled=true on the command line, in the .mvn/maven.config file, or in project POM properties.
2026-03-07 05:14:27,850 [Worker-35: Building] WARN  o.apache.maven.project.MavenProject - Direct modification of compileSourceRoots through add() is deprecated and will not work in Maven 4.0.0. Please use the add/remove methods instead. If you're using a plugin that causes this warning, please upgrade to the latest version and report an issue if the warning persists. To disable these warnings, set -Dmaven.project.sourceRoots.warningsDisabled=true on the command line, in the .mvn/maven.config file, or in project POM properties.
2026-03-07 05:14:27,851 [Worker-35: Building] WARN  o.apache.maven.project.MavenProject - Direct modification of testCompileSourceRoots through clear() is deprecated and will not work in Maven 4.0.0. Please use the add/remove methods instead. If you're using a plugin that causes this warning, please upgrade to the latest version and report an issue if the warning persists. To disable these warnings, set -Dmaven.project.sourceRoots.warningsDisabled=true on the command line, in the .mvn/maven.config file, or in project POM properties.
2026-03-07 05:14:27,852 [Worker-35: Building] WARN  o.apache.maven.project.MavenProject - Direct modification of testCompileSourceRoots through add() is deprecated and will not work in Maven 4.0.0. Please use the add/remove methods instead. If you're using a plugin that causes this warning, please upgrade to the latest version and report an issue if the warning persists. To disable these warnings, set -Dmaven.project.sourceRoots.warningsDisabled=true on the command line, in the .mvn/maven.config file, or in project POM properties.
2026-03-07 05:22:31,466 [Worker-37: Building] INFO  o.a.m.s.f.DefaultMavenResourcesFiltering - Copying 1 resource from src\main\resources to target\classes
2026-03-07 05:22:31,593 [Worker-37: Building] INFO  o.a.m.s.f.DefaultMavenResourcesFiltering - Copying 0 resource from src\main\resources to target\classes
2026-03-07 05:22:31,599 [Worker-37: Building] INFO  o.a.m.s.f.DefaultMavenResourcesFiltering - skip non existing resourceDirectory C:\Users\X1 Carbon\Desktop\miniprojet\backend-sapharma\src\test\resources
2026-03-07 05:22:31,599 [Worker-37: Building] WARN  o.apache.maven.project.MavenProject - Direct modification of compileSourceRoots through clear() is deprecated and will not work in Maven 4.0.0. Please use the add/remove methods instead. If you're using a plugin that causes this warning, please upgrade to the latest version and report an issue if the warning persists. To disable these warnings, set -Dmaven.project.sourceRoots.warningsDisabled=true on the command line, in the .mvn/maven.config file, or in project POM properties.
2026-03-07 05:22:31,607 [Worker-37: Building] WARN  o.apache.maven.project.MavenProject - Direct modification of compileSourceRoots through add() is deprecated and will not work in Maven 4.0.0. Please use the add/remove methods instead. If you're using a plugin that causes this warning, please upgrade to the latest version and report an issue if the warning persists. To disable these warnings, set -Dmaven.project.sourceRoots.warningsDisabled=true on the command line, in the .mvn/maven.config file, or in project POM properties.
2026-03-07 05:22:31,608 [Worker-37: Building] WARN  o.apache.maven.project.MavenProject - Direct modification of testCompileSourceRoots through clear() is deprecated and will not work in Maven 4.0.0. Please use the add/remove methods instead. If you're using a plugin that causes this warning, please upgrade to the latest version and report an issue if the warning persists. To disable these warnings, set -Dmaven.project.sourceRoots.warningsDisabled=true on the command line, in the .mvn/maven.config file, or in project POM properties.
2026-03-07 05:22:31,609 [Worker-37: Building] WARN  o.apache.maven.project.MavenProject - Direct modification of testCompileSourceRoots through add() is deprecated and will not work in Maven 4.0.0. Please use the add/remove methods instead. If you're using a plugin that causes this warning, please upgrade to the latest version and report an issue if the warning persists. To disable these warnings, set -Dmaven.project.sourceRoots.warningsDisabled=true on the command line, in the .mvn/maven.config file, or in project POM properties.
2026-03-07 05:22:44,028 [Worker-15: Building] INFO  o.a.m.s.f.DefaultMavenResourcesFiltering - Copying 1 resource from src\main\resources to target\classes
2026-03-07 05:22:44,044 [Worker-15: Building] INFO  o.a.m.s.f.DefaultMavenResourcesFiltering - Copying 0 resource from src\main\resources to target\classes
2026-03-07 05:22:44,050 [Worker-15: Building] INFO  o.a.m.s.f.DefaultMavenResourcesFiltering - skip non existing resourceDirectory C:\Users\X1 Carbon\Desktop\miniprojet\backend-sapharma\src\test\resources
2026-03-07 05:22:44,050 [Worker-15: Building] WARN  o.apache.maven.project.MavenProject - Direct modification of compileSourceRoots through clear() is deprecated and will not work in Maven 4.0.0. Please use the add/remove methods instead. If you're using a plugin that causes this warning, please upgrade to the latest version and report an issue if the warning persists. To disable these warnings, set -Dmaven.project.sourceRoots.warningsDisabled=true on the command line, in the .mvn/maven.config file, or in project POM properties.
2026-03-07 05:22:44,053 [Worker-15: Building] WARN  o.apache.maven.project.MavenProject - Direct modification of compileSourceRoots through add() is deprecated and will not work in Maven 4.0.0. Please use the add/remove methods instead. If you're using a plugin that causes this warning, please upgrade to the latest version and report an issue if the warning persists. To disable these warnings, set -Dmaven.project.sourceRoots.warningsDisabled=true on the command line, in the .mvn/maven.config file, or in project POM properties.
2026-03-07 05:22:44,054 [Worker-15: Building] WARN  o.apache.maven.project.MavenProject - Direct modification of testCompileSourceRoots through clear() is deprecated and will not work in Maven 4.0.0. Please use the add/remove methods instead. If you're using a plugin that causes this warning, please upgrade to the latest version and report an issue if the warning persists. To disable these warnings, set -Dmaven.project.sourceRoots.warningsDisabled=true on the command line, in the .mvn/maven.config file, or in project POM properties.
2026-03-07 05:22:44,055 [Worker-15: Building] WARN  o.apache.maven.project.MavenProject - Direct modification of testCompileSourceRoots through add() is deprecated and will not work in Maven 4.0.0. Please use the add/remove methods instead. If you're using a plugin that causes this warning, please upgrade to the latest version and report an issue if the warning persists. To disable these warnings, set -Dmaven.project.sourceRoots.warningsDisabled=true on the command line, in the .mvn/maven.config file, or in project POM properties.
2026-03-08 22:17:54,300 [Worker-25: Loading available Gradle versions] INFO  o.e.b.c.i.u.g.PublishedGradleVersions - Gradle version information cache is out-of-date. Trying to update.
